timestamp,start_time,close,high,low,open,volume
2021-01-01,1609459200000,29325.0,29673.5,28654.0,28921.5,19234.412
2021-01-02,1609545600000,32230.0,33450.0,28967.5,29325.0,47478.703
2021-01-03,1609632000000,32963.0,34820.0,32016.5,32230.0,46033.177
2021-01-04,1609718400000,32024.0,33616.5,27923.0,32963.0,55935.783
2021-01-05,1609804800000,34019.5,34496.5,29905.5,32024.0,39382.593
2021-01-06,1609891200000,36775.5,37027.5,33364.5,34019.5,35442.508
2021-01-07,1609977600000,39513.0,40560.5,36301.0,36775.5,42640.062
2021-01-08,1610064000000,40641.5,42100.0,36524.5,39513.0,42481.307
2021-01-09,1610150400000,40074.5,41475.5,38726.5,40641.5,24237.91
2021-01-10,1610236800000,38169.5,41363.5,35333.5,40074.5,38921.917
2021-01-11,1610323200000,35377.5,38278.0,30427.0,38169.5,102480.125
2021-01-12,1610409600000,34079.0,36672.0,32620.0,35377.5,41680.581
2021-01-13,1610496000000,37417.5,37854.0,32453.5,34079.0,28523.867
2021-01-14,1610582400000,39167.5,40076.0,36739.0,37417.5,26054.385
2021-01-15,1610668800000,36716.5,39763.0,34512.5,39167.5,29517.886
2021-01-16,1610755200000,35995.5,37992.5,35380.0,36716.5,22611.161
2021-01-17,1610841600000,35871.5,36841.5,33847.5,35995.5,25196.683
2021-01-18,1610928000000,36662.0,37489.0,34802.0,35871.5,17624.22
2021-01-19,1611014400000,35891.5,37920.0,35857.0,36662.0,14428.404
2021-01-20,1611100800000,35474.0,36418.0,33370.0,35891.5,22964.047
2021-01-21,1611187200000,30911.5,35576.5,30130.0,35474.0,46278.641
2021-01-22,1611273600000,32969.5,33777.0,28913.5,30911.5,32191.36
2021-01-23,1611360000000,32099.5,33445.0,31395.0,32969.5,18594.629
2021-01-24,1611446400000,32224.5,33065.0,30939.5,32099.5,18424.263
2021-01-25,1611532800000,32284.5,34820.0,31949.0,32224.5,25401.502
2021-01-26,1611619200000,32471.0,32895.0,30841.0,32284.5,29124.146
2021-01-27,1611705600000,30375.0,32529.0,29273.0,32471.0,43556.661
2021-01-28,1611792000000,33359.0,33733.0,29846.5,30375.0,33807.181
2021-01-29,1611878400000,34222.0,38632.0,32012.0,33359.0,84262.848
2021-01-30,1611964800000,34307.5,34911.5,32826.5,34222.0,27075.192
2021-01-31,1612051200000,33128.0,34379.5,32232.5,34307.5,24735.947
2021-02-01,1612137600000,33556.0,34680.5,32344.5,33128.0,22624.341
2021-02-02,1612224000000,35506.5,36023.5,33461.5,33556.0,20788.251
2021-02-03,1612310400000,37602.5,37641.0,35420.0,35506.5,21463.855
2021-02-04,1612396800000,36986.0,38779.5,36233.0,37602.5,26939.253
2021-02-05,1612483200000,38288.0,38356.0,36615.0,36986.0,18683.878
2021-02-06,1612569600000,39319.0,40950.0,38224.5,38288.0,27991.086
2021-02-07,1612656000000,38825.5,39727.0,37439.5,39319.0,32909.977
2021-02-08,1612742400000,46400.0,46990.0,38061.0,38825.5,58649.466
2021-02-09,1612828800000,46448.0,48223.0,45056.5,46400.0,40163.61
2021-02-10,1612915200000,44826.5,47444.0,43800.0,46448.0,33018.653
2021-02-11,1613001600000,48018.0,48758.0,44042.5,44826.5,29173.29
2021-02-12,1613088000000,47369.0,49179.5,46174.5,48018.0,22662.268
2021-02-13,1613174400000,47199.5,48206.5,46300.0,47320.0,15857.285
2021-02-14,1613260800000,48690.5,49834.0,47100.0,47191.5,19052.736
2021-02-15,1613347200000,47962.5,49103.0,45712.5,48689.5,20755.226
2021-02-16,1613433600000,49174.0,50844.5,47140.5,47962.5,26559.719
2021-02-17,1613520000000,52180.5,52690.0,49014.5,49174.0,23771.016
2021-02-18,1613606400000,51570.0,52589.5,51043.5,52180.5,13409.398
2021-02-19,1613692800000,55933.0,56550.0,50832.5,51570.0,26876.36
2021-02-20,1613779200000,55890.5,57667.0,54077.0,55933.0,23163.274
2021-02-21,1613865600000,57459.0,58399.0,55539.5,55890.5,17434.821
2021-02-22,1613952000000,54041.0,57556.0,48000.0,57459.0,45904.102
2021-02-23,1614038400000,48882.5,54125.0,44949.0,54041.0,67266.97
2021-02-24,1614124800000,49729.5,51382.0,47010.0,48882.5,28474.937
2021-02-25,1614211200000,47133.0,52037.0,46750.0,49729.5,30912.231
2021-02-26,1614297600000,46323.5,48423.0,44150.0,47133.0,37298.301
2021-02-27,1614384000000,46137.0,48373.5,45000.0,46323.5,19896.527
2021-02-28,1614470400000,45156.0,46666.0,43080.0,46137.0,32113.086
2021-03-01,1614556800000,49603.0,49775.0,44983.0,45156.0,26862.151
2021-03-02,1614643200000,48466.5,50206.0,47095.0,49603.0,25106.4
2021-03-03,1614729600000,50384.0,52622.0,48150.5,48466.5,26547.369
2021-03-04,1614816000000,48396.0,51800.0,47544.5,50384.0,30651.757
2021-03-05,1614902400000,48774.5,49463.0,46411.0,48396.0,27508.748
2021-03-06,1614988800000,48874.0,49177.0,47170.0,48774.5,17433.68
2021-03-07,1615075200000,50979.5,51465.5,48874.0,48874.0,21735.264
2021-03-08,1615161600000,52340.0,52370.0,49385.0,50979.5,23722.08
2021-03-09,1615248000000,54924.5,54933.0,51856.5,52340.0,23186.956
2021-03-10,1615334400000,55931.0,57425.0,53160.0,54924.5,37536.77
2021-03-11,1615420800000,57810.0,58188.0,54455.0,55931.0,31088.729
2021-03-12,1615507200000,57238.0,58100.0,55157.0,57810.0,25891.973
2021-03-13,1615593600000,61310.5,61939.5,56157.5,57238.0,26187.741
2021-03-14,1615680000000,59068.0,61775.5,59055.0,61310.5,19959.836
2021-03-15,1615766400000,55620.0,60704.0,54707.5,59068.0,35298.292
2021-03-16,1615852800000,56938.0,56938.0,53376.0,55620.0,27423.878
2021-03-17,1615939200000,58883.0,58940.0,54209.0,56938.0,30476.67
2021-03-18,1616025600000,57686.0,60206.0,57112.0,58883.0,27260.283
2021-03-19,1616112000000,58120.5,59477.0,56366.0,57686.0,22586.044
2021-03-20,1616198400000,58184.0,59900.0,57882.5,58120.5,18888.915
2021-03-21,1616284800000,57351.0,58629.5,55511.5,58184.0,20544.674
2021-03-22,1616371200000,54111.0,58402.5,53675.5,57351.0,24000.41
2021-03-23,1616457600000,54416.0,55833.0,53029.5,54111.0,21076.237
2021-03-24,1616544000000,52333.0,57150.0,51707.0,54416.0,28614.421
2021-03-25,1616630400000,51370.0,53261.0,50504.0,52333.0,31054.131
2021-03-26,1616716800000,55000.0,55042.5,51294.5,51370.0,19744.731
2021-03-27,1616803200000,55859.5,56665.5,54018.5,55000.0,19704.975
2021-03-28,1616889600000,55760.0,56511.0,54741.5,55859.5,16716.817
2021-03-29,1616976000000,57709.5,58450.0,55006.0,55760.0,21803.752
2021-03-30,1617062400000,58742.0,59442.0,57201.0,57709.5,16079.866
2021-03-31,1617148800000,58859.5,59855.0,57000.0,58742.0,23831.653
2021-04-01,1617235200000,58753.0,59496.0,58044.0,58859.5,14320.365
2021-04-02,1617321600000,59020.0,60300.0,58565.0,58753.0,13275.679
2021-04-03,1617408000000,57135.0,59863.0,56950.0,59020.0,15887.587
2021-04-04,1617494400000,58208.0,58428.0,56580.5,57135.0,13331.078
2021-04-05,1617580800000,59179.5,59252.5,56902.0,58208.0,13317.318
2021-04-06,1617667200000,58026.5,59552.0,57580.0,59179.5,10872.723
2021-04-07,1617753600000,55957.0,58620.0,55535.0,58026.5,17958.35
2021-04-08,1617840000000,58048.5,58108.5,55750.5,55957.0,11451.863
2021-04-09,1617926400000,58128.0,58861.0,57686.5,58048.5,9575.72
2021-04-10,1618012800000,59790.0,61671.5,57940.0,58128.0,15118.312
2021-04-11,1618099200000,60033.5,60719.5,59333.0,59790.0,9245.302
2021-04-12,1618185600000,59930.0,61324.0,59528.5,60033.5,11173.582
2021-04-13,1618272000000,63587.5,63761.5,59912.0,59930.0,16803.286
2021-04-14,1618358400000,62921.0,64943.5,61509.0,63587.5,19086.824
2021-04-15,1618444800000,63258.5,63846.0,62180.0,62921.0,11740.148
2021-04-16,1618531200000,61313.0,63565.0,60242.5,63258.5,12995.105
2021-04-17,1618617600000,60065.5,62492.0,59750.0,61313.0,10736.507
2021-04-18,1618704000000,56100.0,60415.5,50500.0,60065.5,69461.06
2021-04-19,1618790400000,55626.0,57436.0,54279.0,56100.0,17997.363
2021-04-20,1618876800000,56411.5,57005.5,53382.5,55626.0,19057.796
2021-04-21,1618963200000,53821.5,56712.0,53673.5,56411.5,17002.087
2021-04-22,1619049600000,51785.0,55444.0,50580.0,53821.5,26927.379
2021-04-23,1619136000000,51100.5,52159.0,47581.0,51785.0,37453.747
2021-04-24,1619222400000,50055.5,51138.0,48742.5,51100.5,20711.401
2021-04-25,1619308800000,49022.5,50505.0,47019.0,50055.5,21215.314
2021-04-26,1619395200000,54017.0,54327.5,48723.0,49022.5,24963.79
2021-04-27,1619481600000,54993.5,55400.0,53275.0,54017.0,14043.887
2021-04-28,1619568000000,54827.0,56457.0,53888.0,54993.5,17615.683
2021-04-29,1619654400000,53508.0,55178.0,52387.0,54827.0,15401.729
2021-04-30,1619740800000,57678.0,57880.0,53050.0,53508.0,16544.613
2021-05-01,1619827200000,57829.5,58438.5,57093.5,57678.0,11872.941
2021-05-02,1619913600000,56599.5,57933.5,56110.0,57829.5,12624.019
2021-05-03,1620000000000,57199.5,58996.0,56541.0,56599.5,15138.972
2021-05-04,1620086400000,53252.0,57222.0,53087.0,57199.5,25799.382
2021-05-05,1620172800000,57481.0,57865.0,52930.0,53252.0,16956.194
2021-05-06,1620259200000,56363.0,58396.0,55323.5,57481.0,14756.004
2021-05-07,1620345600000,57381.0,58735.0,55311.0,56363.0,14373.045
2021-05-08,1620432000000,58893.0,59526.0,57000.0,57381.0,15404.51
2021-05-09,1620518400000,58240.5,59274.0,56375.0,58893.0,14143.493
2021-05-10,1620604800000,55801.0,59586.0,53421.5,58240.5,25609.83
2021-05-11,1620691200000,56684.0,56843.0,54512.0,55801.0,12969.877
2021-05-12,1620777600000,49617.0,57929.5,48600.0,56684.0,27697.549
2021-05-13,1620864000000,49715.5,51318.5,45719.0,49617.0,49185.835
2021-05-14,1620950400000,49850.5,51471.0,48901.0,49715.5,16715.57
2021-05-15,1621036800000,46800.0,50688.0,46609.0,49850.5,24434.553
2021-05-16,1621123200000,46414.0,49798.0,43890.0,46800.0,39537.452
2021-05-17,1621209600000,43543.0,46629.0,42143.5,46414.0,57269.667
2021-05-18,1621296000000,42903.5,45815.0,42317.5,43543.0,33957.548
2021-05-19,1621382400000,36727.0,43598.5,28801.0,42903.5,194517.585
2021-05-20,1621468800000,40500.5,42400.0,34950.0,36727.0,69061.775
2021-05-21,1621555200000,37227.5,42215.0,33404.0,40500.5,80998.869
2021-05-22,1621641600000,37437.0,38799.5,35220.0,37227.5,43077.822
2021-05-23,1621728000000,34658.0,38230.0,31068.5,37437.0,87667.424
2021-05-24,1621814400000,38817.0,39882.5,34390.5,34658.0,54785.841
2021-05-25,1621900800000,38348.0,39800.0,36466.5,38817.0,39895.51
2021-05-26,1621987200000,39237.0,40871.0,37823.0,38348.0,38560.25
2021-05-27,1622073600000,38511.0,40376.5,37176.0,39237.0,36024.325
2021-05-28,1622160000000,35650.0,38870.5,34702.0,38511.0,61180.619
2021-05-29,1622246400000,34613.0,37312.0,33662.0,35650.0,60107.188
2021-05-30,1622332800000,35661.5,36446.5,33360.0,34613.0,38982.934
2021-05-31,1622419200000,37241.0,37462.5,34176.5,35661.5,46193.407
2021-06-01,1622505600000,36648.0,37864.0,35600.0,37241.0,42878.812
2021-06-02,1622592000000,37555.0,38198.0,35900.0,36648.0,35356.862
2021-06-03,1622678400000,39224.5,39440.0,37215.5,37555.0,41782.081
2021-06-04,1622764800000,36843.5,39265.5,35601.0,39224.5,58235.668
2021-06-05,1622851200000,35507.5,37867.0,34824.0,36843.5,57136.672
2021-06-06,1622937600000,35801.0,36447.0,35235.5,35507.5,36090.257
2021-06-07,1623024000000,33570.5,36784.0,33240.0,35801.0,59358.14
2021-06-08,1623110400000,33352.5,34050.0,30980.0,33570.5,96863.287
2021-06-09,1623196800000,37414.5,37556.0,32379.0,33352.5,96764.366
2021-06-10,1623283200000,36689.5,38440.5,35819.0,37414.5,82976.921
2021-06-11,1623369600000,37294.0,37656.5,35944.5,36689.5,62899.427
2021-06-12,1623456000000,35525.0,37412.0,34630.0,37294.0,71044.109
2021-06-13,1623542400000,39026.0,39372.0,34761.5,35525.0,71573.504
2021-06-14,1623628800000,40494.5,40995.0,38772.0,39026.0,73876.764
2021-06-15,1623715200000,40140.5,41300.0,39540.0,40494.5,65945.29
2021-06-16,1623801600000,38393.0,40471.5,38173.5,40140.5,73184.532
2021-06-17,1623888000000,38097.0,39532.5,37400.0,38393.0,63381.549
2021-06-18,1623974400000,35822.0,38223.0,35159.0,38097.0,73699.549
2021-06-19,1624060800000,35528.0,36425.0,34800.0,35822.0,69198.368
2021-06-20,1624147200000,35608.5,36149.0,33338.0,35528.0,86335.779
2021-06-21,1624233600000,31613.5,35737.5,31265.5,35608.5,155941.818
2021-06-22,1624320000000,32480.0,33246.0,28774.0,31613.5,183677.464
2021-06-23,1624406400000,33642.0,34794.5,31704.0,32480.0,101537.468
2021-06-24,1624492800000,34656.5,35300.0,32330.5,33642.0,88272.599
2021-06-25,1624579200000,31580.0,35466.0,31300.0,34656.5,115499.419
2021-06-26,1624665600000,32249.5,32700.0,30101.0,31580.0,125869.896
2021-06-27,1624752000000,34690.5,34755.0,31972.0,32249.5,105230.722
2021-06-28,1624838400000,34493.5,35223.0,33905.0,34690.5,82197.421
2021-06-29,1624924800000,35918.5,36573.0,34240.0,34493.5,88459.594
2021-06-30,1625011200000,35018.0,36073.5,34050.0,35918.5,81673.083
2021-07-01,1625097600000,33490.0,35021.5,32710.0,35018.0,87789.018
2021-07-02,1625184000000,33753.5,33924.0,32695.0,33490.0,76578.495
2021-07-03,1625270400000,34649.5,34900.0,33339.0,33753.5,60732.073
2021-07-04,1625356800000,35293.0,35940.0,34370.0,34649.5,55923.081
2021-07-05,1625443200000,33679.0,35293.0,33119.0,35293.0,88304.972
2021-07-06,1625529600000,34200.0,35061.5,33512.0,33679.0,85359.6
2021-07-07,1625616000000,33878.5,35036.0,33806.0,34200.0,56395.635
2021-07-08,1625702400000,32854.0,33937.5,32089.0,33878.5,86837.716
2021-07-09,1625788800000,33820.0,34084.0,32280.5,32854.0,62156.971
2021-07-10,1625875200000,33500.5,34230.5,33010.0,33820.0,52901.66
2021-07-11,1625961600000,34234.0,34540.0,33339.0,33500.5,47167.919
2021-07-12,1626048000000,33112.5,34620.0,32700.0,34234.0,60723.55
2021-07-13,1626134400000,32720.0,33312.0,32213.5,33112.5,57099.924
2021-07-14,1626220800000,32800.0,33082.5,31594.0,32720.0,65940.998
2021-07-15,1626307200000,31855.5,33145.5,31160.0,32800.0,71404.047
2021-07-16,1626393600000,31384.0,32200.0,31056.0,31855.5,59040.663
2021-07-17,1626480000000,31509.0,31914.0,31171.5,31384.0,49507.375
2021-07-18,1626566400000,31748.0,32380.0,31122.0,31509.0,49774.363
2021-07-19,1626652800000,30815.5,31849.0,30412.0,31748.0,59829.147
2021-07-20,1626739200000,29765.0,31032.0,29272.5,30815.5,75599.105
2021-07-21,1626825600000,32089.0,32840.0,29509.0,29765.0,108816.959
2021-07-22,1626912000000,32283.5,32540.0,31725.5,32089.0,51266.178
2021-07-23,1626998400000,33600.0,33600.0,32028.0,32283.5,60740.905
2021-07-24,1627084800000,34224.0,34437.5,33411.5,33600.0,52624.876
2021-07-25,1627171200000,35348.5,35366.0,33829.0,34224.0,63046.267
2021-07-26,1627257600000,37235.0,40555.0,35174.5,35348.5,181847.223
2021-07-27,1627344000000,39440.5,39486.5,36396.5,37235.0,101395.283
2021-07-28,1627430400000,39995.0,40874.0,38719.0,39440.5,108130.824
2021-07-29,1627516800000,39990.5,40602.0,39250.0,39995.0,67475.488
2021-07-30,1627603200000,42209.5,42300.0,38305.0,39990.5,78071.314
2021-07-31,1627689600000,41445.5,42421.5,41016.0,42209.5,52744.762
2021-08-01,1627776000000,39836.5,42600.0,39389.0,41445.5,70335.184
2021-08-02,1627862400000,39165.0,40450.0,38662.0,39836.5,63791.587
2021-08-03,1627948800000,38208.5,39780.0,37593.0,39165.0,66906.198
2021-08-04,1628035200000,39715.5,39952.0,37375.5,38208.5,63580.235
2021-08-05,1628121600000,40848.5,41346.5,37281.0,39715.5,94663.924
2021-08-06,1628208000000,42799.5,43481.5,39870.0,40848.5,92211.053
2021-08-07,1628294400000,44578.5,44784.0,42360.0,42799.5,80381.621
2021-08-08,1628380800000,43806.0,45319.5,43288.0,44578.5,71082.833
2021-08-09,1628467200000,46258.0,46465.0,42800.0,43806.0,77887.062
2021-08-10,1628553600000,45580.5,46737.5,44667.0,46258.0,58631.02
2021-08-11,1628640000000,45520.0,46728.5,45348.0,45580.5,52107.825
2021-08-12,1628726400000,44410.0,46220.0,43810.0,45520.0,59451.15
2021-08-13,1628812800000,47790.0,47956.0,44220.0,44410.0,58543.34
2021-08-14,1628899200000,47080.0,48280.5,46022.0,47790.0,48200.232
2021-08-15,1628985600000,46998.0,47382.0,45510.0,47080.0,45021.423
2021-08-16,1629072000000,45955.5,48341.0,45713.0,46998.0,54615.405
2021-08-17,1629158400000,44726.0,47300.0,44420.0,45955.5,61511.181
2021-08-18,1629244800000,44730.0,46000.0,44300.0,44726.0,51428.736
2021-08-19,1629331200000,46738.0,47075.0,44000.0,44730.0,65759.921
2021-08-20,1629417600000,49298.5,49479.5,46638.5,46738.0,61043.432
2021-08-21,1629504000000,48800.5,49800.0,48250.0,49298.5,52878.629
2021-08-22,1629590400000,49248.5,49520.0,47974.5,48800.5,46436.938
2021-08-23,1629676800000,49535.0,50490.0,49060.5,49248.5,56016.2
2021-08-24,1629763200000,47747.0,49840.0,47627.0,49535.0,64246.91
2021-08-25,1629849600000,48965.5,49230.0,47200.0,47747.0,63923.719
2021-08-26,1629936000000,46868.0,49338.5,46300.0,48965.5,73250.438
2021-08-27,1630022400000,49047.0,49144.0,46400.0,46868.0,67662.335
2021-08-28,1630108800000,48890.5,49275.5,48411.0,49047.0,39770.342
2021-08-29,1630195200000,48747.5,49710.5,47789.5,48890.5,50252.368
2021-08-30,1630281600000,47027.0,48862.0,46908.0,48747.5,55683.504
2021-08-31,1630368000000,47180.0,48233.0,46680.0,47027.0,52476.72
2021-09-01,1630454400000,48827.0,49096.0,46585.0,47180.0,53156.382
2021-09-02,1630540800000,49322.0,50400.0,48561.0,48827.0,59400.734
2021-09-03,1630627200000,50035.5,51037.5,48400.0,49322.0,70433.186
2021-09-04,1630713600000,49940.5,50552.0,49430.0,50035.5,38638.055
2021-09-05,1630800000000,51641.5,51859.5,49550.0,49940.5,41638.86
2021-09-06,1630886400000,52588.5,52753.5,51083.5,51641.5,39401.087
2021-09-07,1630972800000,46839.5,52858.0,42330.0,52588.5,129172.779
2021-09-08,1631059200000,46090.0,47330.0,44444.0,46839.5,69069.38
2021-09-09,1631145600000,46384.5,47428.0,45500.0,46090.0,48007.866
2021-09-10,1631232000000,44871.0,47043.0,44151.0,46384.5,56473.353
2021-09-11,1631318400000,45189.0,45971.5,44756.0,44871.0,34418.617
2021-09-12,1631404800000,46027.5,46460.0,44772.0,45189.0,38197.812
2021-09-13,1631491200000,44955.0,46900.0,43199.5,46027.5,69994.594
2021-09-14,1631577600000,47089.0,47218.0,44622.0,44955.0,43927.657
2021-09-15,1631664000000,48100.0,48447.0,46699.0,47089.0,38088.8
2021-09-16,1631750400000,47766.0,48435.0,47055.0,48100.0,38942.575
2021-09-17,1631836800000,47276.0,48108.0,46788.0,47766.0,34153.802
2021-09-18,1631923200000,48300.0,48800.0,47061.0,47276.0,31307.498
2021-09-19,1632009600000,47274.5,48340.5,46880.0,48300.0,34445.799
2021-09-20,1632096000000,43057.0,47342.0,42500.0,47274.5,91656.427
2021-09-21,1632182400000,40724.5,43600.0,39520.0,43057.0,102692.021
2021-09-22,1632268800000,43529.0,43970.0,40564.5,40724.5,66174.576
2021-09-23,1632355200000,44825.0,45006.0,43058.0,43529.0,51179.731
2021-09-24,1632441600000,42802.5,45080.0,40647.5,44825.0,93028.82
2021-09-25,1632528000000,42639.5,42950.0,41667.0,42802.5,46887.753
2021-09-26,1632614400000,43168.5,43984.0,40750.5,42639.5,64621.027
2021-09-27,1632700800000,42170.0,44343.5,42110.0,43168.5,53169.251
2021-09-28,1632787200000,41006.5,42730.0,40854.0,42170.0,62369.432
2021-09-29,1632873600000,41520.0,42550.0,40728.5,41006.5,52430.169
2021-09-30,1632960000000,43757.5,44100.0,41406.0,41520.0,66031.645
2021-10-01,1633046400000,48092.5,48440.0,43273.0,43757.5,78777.621
2021-10-02,1633132800000,47650.0,48315.0,47439.0,48092.5,29182.812
2021-10-03,1633219200000,48175.5,49357.0,47098.0,47650.0,36264.103
2021-10-04,1633305600000,49176.5,49500.0,46902.5,48175.5,56483.104
2021-10-05,1633392000000,51470.5,51908.0,48988.5,49176.5,49620.339
2021-10-06,1633478400000,55337.5,56413.0,50339.5,51470.5,72446.619
2021-10-07,1633564800000,53818.0,55338.0,53357.0,55337.5,42385.979
2021-10-08,1633651200000,53964.0,56250.0,53630.0,53818.0,41408.545
2021-10-09,1633737600000,54968.0,55550.0,53717.0,53964.0,28741.666
2021-10-10,1633824000000,54724.5,56666.0,54135.0,54968.0,41017.303
2021-10-11,1633910400000,57487.5,57881.0,54496.0,54724.5,46155.857
2021-10-12,1633996800000,56006.0,57833.5,53700.0,57487.5,54458.931
2021-10-13,1634083200000,57369.5,57799.5,54265.5,56006.0,50694.569
2021-10-14,1634169600000,57355.5,58653.0,56747.0,57369.5,38579.275
2021-10-15,1634256000000,61743.5,63801.0,56900.0,57355.5,71122.59
2021-10-16,1634342400000,60912.0,62419.5,60217.0,61743.5,32992.729
2021-10-17,1634428800000,61544.0,61722.0,58803.5,60912.0,37085.57
2021-10-18,1634515200000,62033.5,62769.0,59917.0,61544.0,48302.597
2021-10-19,1634601600000,64264.5,64480.0,61367.5,62033.5,54114.001
2021-10-20,1634688000000,66055.0,67210.0,63501.0,64264.5,42732.686
2021-10-21,1634774400000,62246.0,66726.0,61880.0,66055.0,75022.84
2021-10-22,1634860800000,60760.0,63774.0,60100.0,62246.0,53986.875
2021-10-23,1634947200000,61357.0,61809.0,59625.0,60760.0,33357.484
2021-10-24,1635033600000,60901.5,61521.0,59456.0,61357.0,33673.743
2021-10-25,1635120000000,63108.0,63750.5,60708.5,60901.5,31849.791
2021-10-26,1635206400000,60310.5,63301.5,59888.0,63108.0,35673.572
2021-10-27,1635292800000,58481.5,61520.0,57919.5,60310.5,49680.292
2021-10-28,1635379200000,60678.5,62664.5,57476.0,58481.5,57844.911
2021-10-29,1635465600000,62300.0,62988.5,60111.0,60678.5,36929.565
2021-10-30,1635552000000,61894.5,62386.5,60700.0,62300.0,26685.937
2021-10-31,1635638400000,61338.0,62400.0,60000.0,61894.5,29782.958
2021-11-01,1635724800000,60949.5,62536.5,59444.0,61338.0,41534.816
2021-11-02,1635811200000,63258.0,64258.5,60667.0,60949.5,40307.395
2021-11-03,1635897600000,62961.5,63600.0,60077.0,63258.0,42082.503
2021-11-04,1635984000000,61440.5,63120.0,60628.0,62961.5,32594.501
2021-11-05,1636070400000,61045.0,62643.5,60764.0,61440.5,25442.648
2021-11-06,1636156800000,61440.0,61600.0,60150.0,61045.0,19318.052
2021-11-07,1636243200000,63264.0,63300.0,61378.0,61440.0,21403.723
2021-11-08,1636329600000,67603.5,68000.0,63263.5,63264.0,41279.905
2021-11-09,1636416000000,66976.5,68600.0,66250.0,67603.5,33245.244
2021-11-10,1636502400000,64893.5,69138.5,62512.5,66976.5,54928.016
2021-11-11,1636588800000,64831.0,65594.0,64127.0,64893.5,24866.856
2021-11-12,1636675200000,64141.0,65465.0,62350.0,64831.0,39563.226
2021-11-13,1636761600000,64423.0,65142.5,63409.5,64141.0,18379.214
2021-11-14,1636848000000,65529.5,65530.0,63650.0,64423.0,22539.186
2021-11-15,1636934400000,63691.5,66383.0,63333.0,65529.5,29815.217
2021-11-16,1637020800000,60111.0,63691.5,58500.0,63691.5,61601.916
2021-11-17,1637107200000,60370.5,60930.5,58350.0,60111.0,37670.862
2021-11-18,1637193600000,56932.5,61097.0,56483.0,60370.5,52877.173
2021-11-19,1637280000000,58095.5,58307.5,55665.5,56932.5,33572.605
2021-11-20,1637366400000,59731.0,59863.5,57291.5,58095.5,22511.729
2021-11-21,1637452800000,58627.0,60047.5,58532.0,59731.0,21529.601
2021-11-22,1637539200000,56278.0,59692.0,55614.0,58627.0,45199.594
2021-11-23,1637625600000,57586.5,57902.0,55300.0,56278.0,36564.181
2021-11-24,1637712000000,57185.5,57732.0,55935.0,57586.5,22991.827
2021-11-25,1637798400000,58937.0,59440.5,57041.5,57185.5,24965.578
2021-11-26,1637884800000,53800.5,59150.0,53563.0,58937.0,51957.556
2021-11-27,1637971200000,54778.5,55298.5,53684.5,53800.5,22101.393
2021-11-28,1638057600000,57299.0,57435.5,53122.0,54778.5,29634.798
2021-11-29,1638144000000,57785.0,58871.5,56686.5,57299.0,30774.031
2021-11-30,1638230400000,56962.0,59200.0,55900.0,57785.0,52754.226
2021-12-01,1638316800000,57225.0,59073.0,56447.0,56962.0,40409.285
2021-12-02,1638403200000,56501.5,57390.5,55800.0,57225.0,33285.235
2021-12-03,1638489600000,53626.5,57690.0,51111.0,56501.5,56319.047
2021-12-04,1638576000000,49125.5,53850.0,40829.0,53626.5,94415.52
2021-12-05,1638662400000,49358.0,49716.0,47736.0,49125.5,36312.72
2021-12-06,1638748800000,50422.0,50900.0,47020.0,49358.0,47334.375
2021-12-07,1638835200000,50580.5,51923.5,50011.0,50422.0,32766.127
2021-12-08,1638921600000,50451.5,51232.5,48514.0,50580.5,38732.992
2021-12-09,1639008000000,47541.5,50758.0,47315.5,50451.5,39705.444
2021-12-10,1639094400000,47181.0,50149.5,46750.0,47541.5,48566.946
2021-12-11,1639180800000,49353.0,49489.0,46750.0,47181.0,35314.48
2021-12-12,1639267200000,50079.5,50790.0,48606.0,49353.0,28836.608
2021-12-13,1639353600000,46652.5,50167.0,45502.0,50079.5,62422.889
2021-12-14,1639440000000,48356.0,48826.5,46251.5,46652.5,44417.282
2021-12-15,1639526400000,48867.5,49504.5,46543.5,48356.0,58604.192
2021-12-16,1639612800000,47661.0,49450.0,47525.0,48867.5,38036.221
2021-12-17,1639699200000,46150.0,47982.5,45280.0,47661.0,57804.244
2021-12-18,1639785600000,46836.0,47321.5,45500.0,46150.0,30646.373
2021-12-19,1639872000000,46699.5,48390.0,46421.0,46836.0,40624.569
2021-12-20,1639958400000,46882.0,47499.0,45479.5,46699.5,40230.19
2021-12-21,1640044800000,48886.5,49318.0,46658.5,46882.0,44159.47
2021-12-22,1640131200000,48610.5,49586.0,48418.0,48886.5,31008.412
2021-12-23,1640217600000,50794.0,51431.5,48030.0,48610.5,46216.044
2021-12-24,1640304000000,50785.0,51980.0,50402.0,50794.0,36180.563
2021-12-25,1640390400000,50406.0,51149.0,50100.0,50785.0,22598.461
2021-12-26,1640476800000,50763.0,51294.0,49283.0,50406.0,33267.173
2021-12-27,1640563200000,50706.5,52119.0,50464.5,50763.0,34775.812
2021-12-28,1640649600000,47539.0,50707.0,47312.0,50706.5,56720.437
2021-12-29,1640736000000,46450.0,48137.0,45807.5,47539.0,47475.799
2021-12-30,1640822400000,47110.5,47920.5,45887.0,46450.0,38048.539
2021-12-31,1640908800000,46200.5,48554.0,45634.0,47110.5,55130.934
2022-01-01,1640995200000,47719.5,47915.5,46200.5,46200.5,34577.53
2022-01-02,1641081600000,47305.0,48000.0,46600.0,47719.5,36773.655
2022-01-03,1641168000000,46462.0,47576.5,45700.0,47305.0,44821.196
2022-01-04,1641254400000,45870.0,47475.0,45500.0,46462.0,54528.894
2022-01-05,1641340800000,43437.0,47060.0,42444.0,45870.0,88336.716
2022-01-06,1641427200000,43110.5,43795.0,42179.0,43437.0,54414.952
2022-01-07,1641513600000,41554.5,43260.0,40517.5,43110.5,93332.759
2022-01-08,1641600000000,41691.0,42302.0,40550.0,41554.5,56097.239
2022-01-09,1641686400000,41856.0,42771.0,41076.0,41691.0,44037.238
2022-01-10,1641772800000,41809.0,42200.0,39655.0,41856.0,92911.598
2022-01-11,1641859200000,42701.5,43163.0,41279.0,41809.0,64094.5
2022-01-12,1641945600000,43889.5,44450.0,42360.0,42701.5,54204.5
2022-01-13,1642032000000,42564.0,44366.5,42303.0,43889.5,58603.398
2022-01-14,1642118400000,43056.5,43704.5,41743.0,42564.0,55972.779
2022-01-15,1642204800000,43083.0,43779.5,42563.0,43056.5,38027.051
2022-01-16,1642291200000,43051.0,43455.0,42601.0,43083.0,33876.97
2022-01-17,1642377600000,42200.0,43143.0,41550.0,43051.0,48718.942
2022-01-18,1642464000000,42332.5,42650.0,41300.0,42200.0,52274.76
2022-01-19,1642550400000,41683.5,42546.0,41140.0,42332.5,62615.99
2022-01-20,1642636800000,40702.0,43482.0,40600.0,41683.5,81535.441
2022-01-21,1642723200000,36442.5,41111.0,35378.0,40702.0,162167.628
2022-01-22,1642809600000,35062.0,36790.0,33960.0,36442.5,131383.791
2022-01-23,1642896000000,36234.5,36613.0,34601.0,35062.0,77883.381
2022-01-24,1642982400000,36651.5,37550.0,32906.0,36234.5,168804.434
2022-01-25,1643068800000,36937.5,37500.0,35701.0,36651.5,75916.857
2022-01-26,1643155200000,36770.0,38888.0,36250.0,36937.5,106296.557
2022-01-27,1643241600000,37140.5,37223.0,35490.5,36770.0,84805.385
2022-01-28,1643328000000,37693.5,37964.0,36172.5,37140.5,75655.774
2022-01-29,1643414400000,38150.5,38769.0,37256.0,37693.5,50637.813
2022-01-30,1643500800000,37875.5,38358.0,37320.0,38150.5,39029.632
2022-01-31,1643587200000,38440.0,38771.0,36632.0,37875.5,65792.045
2022-02-01,1643673600000,38680.5,39250.0,37969.5,38440.0,66380.123
2022-02-02,1643760000000,36887.0,38814.0,36500.0,38680.5,67392.693
2022-02-03,1643846400000,37291.5,37425.0,36200.5,36887.0,62389.278
2022-02-04,1643932800000,41548.5,41769.0,37015.0,37291.5,103204.417
2022-02-05,1644019200000,41380.0,41918.0,40919.0,41548.5,48132.733
2022-02-06,1644105600000,42350.0,42638.5,41110.0,41380.0,40226.395
2022-02-07,1644192000000,43825.5,44500.0,41595.0,42350.0,80797.131
2022-02-08,1644278400000,44015.0,45500.0,42650.0,43825.5,95059.906
2022-02-09,1644364800000,44333.0,44808.0,43100.5,44015.0,65251.374
2022-02-10,1644451200000,43477.0,45924.5,43150.0,44333.0,116198.949
2022-02-11,1644537600000,42354.0,43876.0,41900.0,43477.0,83025.2
2022-02-12,1644624000000,42199.5,42975.0,41630.0,42354.0,53240.605
2022-02-13,1644710400000,42059.5,42750.0,41823.0,42199.5,42909.72
2022-02-14,1644796800000,42536.5,42845.0,41566.5,42059.5,61138.349
2022-02-15,1644883200000,44524.5,44800.0,42370.5,42536.5,58733.817
2022-02-16,1644969600000,43879.5,44535.5,43265.0,44524.5,53877.282
2022-02-17,1645056000000,40515.0,44147.0,40009.5,43879.5,99227.771
2022-02-18,1645142400000,39999.5,40924.0,39438.5,40515.0,80101.734
2022-02-19,1645228800000,40064.0,40450.0,39557.0,39999.5,39292.267
2022-02-20,1645315200000,38355.0,40095.0,37917.0,40064.0,84531.025
2022-02-21,1645401600000,37001.5,39480.0,36751.0,38355.0,152786.854
2022-02-22,1645488000000,38214.5,38455.0,36312.5,37001.5,104586.233
2022-02-23,1645574400000,37245.5,39240.0,37050.0,38214.5,85829.737
2022-02-24,1645660800000,38318.0,40000.0,34242.5,37245.5,191619.669
2022-02-25,1645747200000,39174.5,39676.5,37959.5,38318.0,88825.461
2022-02-26,1645833600000,39094.5,40300.0,38556.0,39174.5,56205.281
2022-02-27,1645920000000,37665.0,39892.5,36922.0,39094.5,113682.746
2022-02-28,1646006400000,43150.5,44347.5,37435.0,37665.0,136475.673
2022-03-01,1646092800000,44389.5,44900.0,42811.0,43150.5,96498.581
2022-03-02,1646179200000,43893.5,45372.0,43334.0,44389.5,93178.504
2022-03-03,1646265600000,42450.5,44065.0,41811.5,43893.5,88362.18
2022-03-04,1646352000000,39114.5,42505.5,38506.0,42450.5,110111.539
2022-03-05,1646438400000,39360.0,39575.0,38552.0,39114.5,42833.465
2022-03-06,1646524800000,38394.0,39748.0,38088.0,39360.0,83152.158
2022-03-07,1646611200000,37976.0,39536.0,37139.0,38394.0,118715.418
2022-03-08,1646697600000,38726.5,39330.0,37865.0,37976.0,103859.811
2022-03-09,1646784000000,41941.5,42698.0,38658.0,38726.5,112368.715
2022-03-10,1646870400000,39408.0,42027.0,38486.0,41941.5,134309.741
2022-03-11,1646956800000,38726.0,40250.0,38202.0,39408.0,125849.454
2022-03-12,1647043200000,38793.0,39447.0,38631.5,38726.0,42633.865
2022-03-13,1647129600000,37756.0,39305.5,37551.0,38793.0,51212.893
2022-03-14,1647216000000,39645.5,39922.0,37527.0,37756.0,84899.346
2022-03-15,1647302400000,39280.0,39950.0,38100.0,39645.5,81560.076
2022-03-16,1647388800000,41124.5,41737.0,38750.0,39280.0,149450.037
2022-03-17,1647475200000,40890.0,41446.5,40400.0,41124.5,55484.701
2022-03-18,1647561600000,41751.5,42335.0,40105.0,40890.0,82538.367
2022-03-19,1647648000000,42180.5,42397.0,41460.0,41751.5,45659.219
2022-03-20,1647734400000,41272.0,42250.0,40920.0,42180.5,55157.909
2022-03-21,1647820800000,40985.0,41537.0,40473.5,41272.0,71878.595
2022-03-22,1647907200000,42359.5,43453.0,40860.0,40985.0,98939.767
2022-03-23,1647993600000,42851.5,42987.0,41697.5,42359.5,70821.273
2022-03-24,1648080000000,43970.5,44199.0,42556.0,42851.5,81877.149
2022-03-25,1648166400000,44293.5,45055.5,43556.0,43970.5,86167.807
2022-03-26,1648252800000,44470.0,44750.0,44050.0,44293.5,34456.394
2022-03-27,1648339200000,46793.0,46989.0,44418.0,44470.0,74844.269
2022-03-28,1648425600000,47122.5,48185.0,46625.5,46793.0,89817.892
2022-03-29,1648512000000,47418.0,48068.5,46917.0,47122.5,63821.345
2022-03-30,1648598400000,47024.0,47676.0,46501.0,47418.0,64443.042
2022-03-31,1648684800000,45511.0,47589.5,45110.0,47024.0,87714.467
2022-04-01,1648771200000,46274.0,46697.0,44202.0,45511.0,102289.739
2022-04-02,1648857600000,45807.0,47230.0,45608.0,46274.0,62395.391
2022-04-03,1648944000000,46411.5,47493.0,45501.0,45807.0,64093.179
2022-04-04,1649030400000,46580.5,46880.0,45050.0,46411.5,74905.235
2022-04-05,1649116800000,45485.5,47190.0,45319.5,46580.5,74202.1
2022-04-06,1649203200000,43158.5,45495.0,43100.0,45485.5,112792.055
2022-04-07,1649289600000,43427.0,43883.0,42703.5,43158.5,66337.665
2022-04-08,1649376000000,42256.0,43982.0,42090.0,43427.0,97474.878
2022-04-09,1649462400000,42726.5,42778.0,42120.0,42256.0,34846.396
2022-04-10,1649548800000,42137.0,43403.0,41745.0,42726.5,58103.289
2022-04-11,1649635200000,39500.0,42400.0,39171.5,42137.0,142864.887
2022-04-12,1649721600000,40055.0,40713.0,39216.0,39500.0,105454.116
2022-04-13,1649808000000,41137.0,41553.0,39580.0,40055.0,99503.899
2022-04-14,1649894400000,39930.0,41463.0,39521.0,41137.0,79193.988
2022-04-15,1649980800000,40528.5,40849.0,39746.0,39930.0,57083.369
2022-04-16,1650067200000,40357.5,40695.0,39972.5,40528.5,38739.216
2022-04-17,1650153600000,39662.0,40562.0,39520.5,40357.5,46249.088
2022-04-18,1650240000000,40773.5,41255.0,38466.5,39662.0,109434.916
2022-04-19,1650326400000,41465.5,41769.5,40533.0,40773.5,64952.685
2022-04-20,1650412800000,41333.5,42169.0,40867.0,41465.5,73981.031
2022-04-21,1650499200000,40454.5,42950.0,39588.0,41333.5,117450.148
2022-04-22,1650585600000,39676.5,40767.0,39007.0,40454.5,93447.976
2022-04-23,1650672000000,39421.5,40048.0,39261.0,39676.5,35547.013
2022-04-24,1650758400000,39439.5,39914.5,38831.0,39421.5,52562.029
2022-04-25,1650844800000,40400.0,40673.0,38072.0,39439.5,140931.528
2022-04-26,1650931200000,38103.5,40803.0,37668.5,40400.0,140001.463
2022-04-27,1651017600000,39206.0,39479.0,37855.0,38103.5,111802.804
2022-04-28,1651104000000,39734.5,40350.0,38863.5,39206.0,128905.192
2022-04-29,1651190400000,38572.0,39909.0,38162.0,39734.5,95211.06
2022-04-30,1651276800000,37611.5,38770.0,37558.5,38572.0,51299.112
2022-05-01,1651363200000,38446.5,38663.0,37351.0,37611.5,71377.503
2022-05-02,1651449600000,38528.0,39255.5,38005.0,38446.5,100419.787
2022-05-03,1651536000000,37733.5,38630.0,37500.0,38528.0,69300.33
2022-05-04,1651622400000,39696.5,40058.5,37660.5,37733.5,128880.144
2022-05-05,1651708800000,36526.0,39840.0,35511.0,39696.5,173313.498
2022-05-06,1651795200000,35990.5,36666.0,35200.0,36526.0,130999.997
2022-05-07,1651881600000,35462.0,36135.0,34744.0,35990.5,58998.423
2022-05-08,1651968000000,34032.5,35498.5,33666.0,35462.0,129476.014
2022-05-09,1652054400000,30063.5,34258.0,30018.0,34032.5,348620.325
2022-05-10,1652140800000,31015.0,32665.5,29711.0,30063.5,264273.27
2022-05-11,1652227200000,29067.5,32230.0,27600.0,31015.0,389280.92
2022-05-12,1652313600000,29003.0,30233.0,26536.0,29067.5,310008.707
2022-05-13,1652400000000,29268.5,31049.0,28736.0,29003.0,137460.82
2022-05-14,1652486400000,30071.0,30321.0,28597.5,29268.5,102289.838
2022-05-15,1652572800000,31315.5,31518.0,29409.0,30071.0,103671.681
2022-05-16,1652659200000,29854.0,31315.5,29050.0,31315.5,151169.241
2022-05-17,1652745600000,30424.5,30785.0,29400.0,29854.0,119928.773
2022-05-18,1652832000000,28694.0,30692.5,28633.0,30424.5,128724.123
2022-05-19,1652918400000,30310.0,30551.0,28676.0,28694.0,131705.597
2022-05-20,1653004800000,29185.0,30767.0,28708.0,30310.0,142283.133
2022-05-21,1653091200000,29420.5,29653.5,28920.5,29185.0,58802.379
2022-05-22,1653177600000,30269.5,30499.0,29220.5,29420.5,93615.593
2022-05-23,1653264000000,29091.5,30654.5,28839.0,30269.5,144992.554
2022-05-24,1653350400000,29642.5,29847.0,28659.0,29091.5,116545.415
2022-05-25,1653436800000,29542.0,30213.0,29324.0,29642.5,124169.529
2022-05-26,1653523200000,29201.0,29878.0,27950.0,29542.0,209437.776
2022-05-27,1653609600000,28619.0,29381.0,28256.5,29201.0,236017.359
2022-05-28,1653696000000,29018.0,29260.0,28522.0,28619.0,57338.009
2022-05-29,1653782400000,29452.0,29592.0,28838.5,29018.0,65053.906
2022-05-30,1653868800000,31731.5,32333.0,29289.0,29452.0,161343.155
2022-05-31,1653955200000,31781.0,32450.0,31216.0,31731.5,109587.476
2022-06-01,1654041600000,29789.0,31982.5,29291.0,31781.0,167333.758
2022-06-02,1654128000000,30450.0,30711.0,29558.0,29789.0,106103.11
2022-06-03,1654214400000,29688.0,30698.0,29250.0,30450.0,107008.029
2022-06-04,1654300800000,29857.0,30000.0,29466.0,29688.0,53366.373
2022-06-05,1654387200000,29901.5,30196.5,29509.5,29857.0,63649.121
2022-06-06,1654473600000,31370.5,31750.0,29871.0,29901.5,160589.274
2022-06-07,1654560000000,31111.0,31598.0,29119.5,31370.5,244656.354
2022-06-08,1654646400000,30192.0,31319.5,29818.0,31111.0,155647.066
2022-06-09,1654732800000,30100.0,30694.5,29896.0,30192.0,107363.157
2022-06-10,1654819200000,29080.5,30376.0,28816.0,30100.0,168313.293
2022-06-11,1654905600000,28420.0,29427.0,28035.0,29080.5,141291.231
2022-06-12,1654992000000,26567.5,28532.0,26550.0,28420.0,208917.068
2022-06-13,1655078400000,22476.5,26885.0,21909.5,26567.5,564582.376
2022-06-14,1655164800000,22127.5,23450.0,20818.5,22476.5,423285.219
2022-06-15,1655251200000,22574.0,22794.5,20071.0,22127.5,529615.54
2022-06-16,1655337600000,20385.0,22976.5,20228.0,22574.0,242730.554
2022-06-17,1655424000000,20454.5,21355.0,20230.0,20385.0,209825.352
2022-06-18,1655510400000,18964.5,20769.5,17600.0,20454.5,391677.742
2022-06-19,1655596800000,20567.5,20820.0,17953.0,18964.5,371735.95
2022-06-20,1655683200000,20568.0,21125.0,19624.0,20567.5,302417.597
2022-06-21,1655769600000,20715.5,21722.0,20336.0,20568.0,246895.4
2022-06-22,1655856000000,19980.0,20885.5,19703.0,20715.5,270334.774
2022-06-23,1655942400000,21095.0,21240.0,19861.5,19980.0,219782.656
2022-06-24,1656028800000,21232.0,21556.5,20728.5,21095.0,219774.264
2022-06-25,1656115200000,21476.0,21630.0,20900.0,21232.0,142820.521
2022-06-26,1656201600000,21032.0,21880.0,20958.5,21476.0,145666.424
2022-06-27,1656288000000,20730.5,21580.0,20500.0,21032.0,184703.37
2022-06-28,1656374400000,20273.5,21197.5,20190.0,20730.5,202468.436
2022-06-29,1656460800000,20104.5,20433.0,19820.0,20273.5,204302.193
2022-06-30,1656547200000,19925.5,20156.5,18601.0,20104.5,312001.872
2022-07-01,1656633600000,19271.0,21017.5,18938.0,19925.5,313631.306
2022-07-02,1656720000000,19246.0,19450.0,18960.0,19271.0,126812.293
2022-07-03,1656806400000,19306.0,19638.5,18777.0,19246.0,151515.372
2022-07-04,1656892800000,20220.5,20370.0,19039.0,19306.0,218635.992
2022-07-05,1656979200000,20170.0,20750.0,19262.5,20220.5,321136.243
2022-07-06,1657065600000,20556.5,20666.0,19737.0,20170.0,213468.577
2022-07-07,1657152000000,21596.0,21818.0,20248.0,20556.5,235064.51
2022-07-08,1657238400000,21590.0,22600.0,21184.0,21596.0,289375.528
2022-07-09,1657324800000,21588.0,21980.0,21310.0,21590.0,121382.403
2022-07-10,1657411200000,20849.0,21597.5,20652.0,21588.0,160482.783
2022-07-11,1657497600000,19959.5,20851.0,19855.0,20849.0,184038.932
2022-07-12,1657584000000,19323.5,20046.5,19219.5,19959.5,209788.632
2022-07-13,1657670400000,20215.5,20346.0,18867.5,19323.5,305252.967
2022-07-14,1657756800000,20583.0,20899.0,19575.0,20215.5,249702.25
2022-07-15,1657843200000,20822.5,21195.5,20365.0,20583.0,199847.858
2022-07-16,1657929600000,21190.5,21576.0,20469.5,20822.5,153827.313
2022-07-17,1658016000000,20799.0,21669.0,20745.0,21190.5,139386.413
2022-07-18,1658102400000,22423.0,22779.5,20763.0,20799.0,301386.114
2022-07-19,1658188800000,23385.5,23807.5,21582.0,22423.0,349351.714
2022-07-20,1658275200000,23220.0,24277.0,22872.0,23385.5,309662.888
2022-07-21,1658361600000,23143.5,23428.0,22345.5,23220.0,219452.862
2022-07-22,1658448000000,22676.5,23765.0,22487.0,23143.5,196533.202
2022-07-23,1658534400000,22434.5,22987.5,21937.0,22676.5,144358.981
2022-07-24,1658620800000,22573.5,22990.0,22254.5,22434.5,134713.685
2022-07-25,1658707200000,21301.0,22658.5,21233.0,22573.5,200206.557
2022-07-26,1658793600000,21232.0,21336.0,20691.0,21301.0,161737.374
2022-07-27,1658880000000,22938.0,23105.0,21040.0,21232.0,224361.134
2022-07-28,1658966400000,23839.0,24198.0,22582.0,22938.0,233819.245
2022-07-29,1659052800000,23764.5,24475.0,23418.0,23839.0,187817.931
2022-07-30,1659139200000,23629.5,24695.0,23506.0,23764.5,138136.392
2022-07-31,1659225600000,23290.5,24182.5,23224.0,23629.5,109755.393
2022-08-01,1659312000000,23250.0,23490.0,22825.0,23290.5,144307.71
2022-08-02,1659398400000,22972.0,23467.5,22640.5,23250.0,170738.762
2022-08-03,1659484800000,22813.0,23655.0,22679.5,22972.0,154188.735
2022-08-04,1659571200000,22602.5,23201.0,22350.0,22813.0,160881.926
2022-08-05,1659657600000,23298.0,23494.0,22575.5,22602.5,172360.838
2022-08-06,1659744000000,22950.0,23333.0,22894.0,23298.0,59369.978
2022-08-07,1659830400000,23167.0,23388.5,22846.0,22950.0,73142.274
2022-08-08,1659916800000,23809.5,24236.5,23145.5,23167.0,152556.525
2022-08-09,1660003200000,23139.0,23910.0,22847.5,23809.5,132114.086
2022-08-10,1660089600000,23940.0,24223.0,22521.0,23139.0,209989.145
2022-08-11,1660176000000,23927.0,24950.0,23850.0,23940.0,209728.839
2022-08-12,1660262400000,24378.5,24430.0,23557.0,23927.0,133422.141
2022-08-13,1660348800000,24420.0,24867.0,24283.0,24378.5,111639.449
2022-08-14,1660435200000,24290.5,25031.0,24109.0,24420.0,123551.958
2022-08-15,1660521600000,24080.5,25199.0,23760.0,24290.5,215486.838
2022-08-16,1660608000000,23839.0,24227.0,23665.0,24080.5,127320.366
2022-08-17,1660694400000,23327.0,24436.5,23166.0,23839.0,186551.417
2022-08-18,1660780800000,23188.0,23581.0,23100.0,23327.0,95974.879
2022-08-19,1660867200000,20819.0,23198.0,20754.5,23188.0,312308.071
2022-08-20,1660953600000,21124.0,21365.0,20730.0,20819.0,153410.543
2022-08-21,1661040000000,21505.5,21780.0,21060.5,21124.0,134458.04
2022-08-22,1661126400000,21382.5,21538.0,20858.0,21505.5,182711.163
2022-08-23,1661212800000,21516.5,21678.5,20885.0,21382.5,169079.107
2022-08-24,1661299200000,21353.0,21880.0,21138.5,21516.5,153767.897
2022-08-25,1661385600000,21549.5,21810.0,21303.5,21353.0,118494.963
2022-08-26,1661472000000,20230.5,21869.0,20085.0,21549.5,283597.693
2022-08-27,1661558400000,20027.5,20366.0,19761.0,20230.5,134166.864
2022-08-28,1661644800000,19548.0,20174.0,19511.0,20027.5,108571.351
2022-08-29,1661731200000,20277.5,20430.0,19547.5,19548.0,164936.799
2022-08-30,1661817600000,19803.5,20569.0,19530.0,20277.5,214009.16
2022-08-31,1661904000000,20050.5,20499.5,19791.5,19803.5,189156.631
2022-09-01,1661990400000,20124.5,20197.5,19560.0,20050.5,182842.667
2022-09-02,1662076800000,19940.5,20428.0,19745.5,20124.5,186555.394
2022-09-03,1662163200000,19821.5,20043.0,19642.0,19940.5,78200.08
2022-09-04,1662249600000,19986.5,20018.0,19585.0,19821.5,105675.389
2022-09-05,1662336000000,19780.0,20044.5,19623.0,19986.5,117679.691
2022-09-06,1662422400000,18782.5,20164.5,18617.0,19780.0,275596.422
2022-09-07,1662508800000,19287.0,19447.5,18451.0,18782.5,172911.844
2022-09-08,1662595200000,19304.5,19440.0,19010.5,19287.0,164517.702
2022-09-09,1662681600000,21350.5,21666.0,19284.5,19304.5,320042.613
2022-09-10,1662768000000,21632.5,21798.0,21113.0,21350.5,132024.899
2022-09-11,1662854400000,21810.0,21879.5,21333.0,21632.5,112941.258
2022-09-12,1662940800000,22388.5,22488.0,21530.5,21810.0,226110.705
2022-09-13,1663027200000,20164.0,22794.0,19835.0,22388.5,358892.48
2022-09-14,1663113600000,20220.0,20518.0,19590.5,20164.0,193037.099
2022-09-15,1663200000000,19692.5,20319.0,19472.0,20220.0,184059.145
2022-09-16,1663286400000,19790.5,19878.5,19315.0,19692.5,147291.942
2022-09-17,1663372800000,20106.0,20176.5,19734.0,19790.5,91064.363
2022-09-18,1663459200000,19408.5,20106.0,19333.0,20106.0,129018.12
2022-09-19,1663545600000,19527.5,19675.0,18110.0,19408.5,295437.829
2022-09-20,1663632000000,18870.0,19626.0,18716.0,19527.5,233982.657
2022-09-21,1663718400000,18446.5,20045.0,18100.0,18870.0,430812.458
2022-09-22,1663804800000,19394.5,19518.5,18345.0,18446.5,229285.487
2022-09-23,1663891200000,19282.0,19486.5,18524.5,19394.5,227015.701
2022-09-24,1663977600000,18911.0,19299.0,18801.5,19282.0,105000.05
2022-09-25,1664064000000,18800.0,19185.0,18620.5,18911.0,112302.887
2022-09-26,1664150400000,19213.5,19318.5,18670.0,18800.0,216929.405
2022-09-27,1664236800000,19071.0,20383.5,18798.5,19213.5,368927.438
2022-09-28,1664323200000,19407.0,19791.0,18453.0,19071.0,323115.662
2022-09-29,1664409600000,19579.5,19638.5,18831.0,19407.0,311643.49
2022-09-30,1664496000000,19409.5,20165.0,19135.5,19579.5,303098.895
2022-10-01,1664582400000,19302.5,19473.5,19150.5,19409.5,80900.681
2022-10-02,1664668800000,19054.0,19385.5,18890.5,19302.5,115315.295
2022-10-03,1664755200000,19617.5,19720.0,18947.0,19054.0,182102.476
2022-10-04,1664841600000,20326.5,20451.0,19482.5,19617.5,234197.54
2022-10-05,1664928000000,20149.0,20354.5,19734.5,20326.5,215159.621
2022-10-06,1665014400000,19954.5,20435.0,19836.5,20149.0,222333.898
2022-10-07,1665100800000,19517.5,20078.0,19318.0,19954.5,209138.036
2022-10-08,1665187200000,19405.0,19614.0,19175.0,19517.5,75088.164
2022-10-09,1665273600000,19436.5,19552.0,19300.0,19405.0,76579.537
2022-10-10,1665360000000,19122.5,19522.5,18973.5,19436.5,159511.397
2022-10-11,1665446400000,19052.5,19258.0,18850.0,19122.5,164548.635
2022-10-12,1665532800000,19148.0,19227.5,18949.5,19052.5,108026.384
2022-10-13,1665619200000,19366.0,19522.0,18071.0,19148.0,351066.681
2022-10-14,1665705600000,19171.5,19944.0,19061.0,19366.0,218232.252
2022-10-15,1665792000000,19063.0,19216.5,18962.0,19171.5,63382.764
2022-10-16,1665878400000,19252.5,19411.0,19062.5,19063.0,73765.565
2022-10-17,1665964800000,19540.0,19668.0,19144.5,19252.5,145940.45
2022-10-18,1666051200000,19320.5,19694.0,19080.0,19540.0,181913.401
2022-10-19,1666137600000,19121.5,19345.0,19061.0,19320.5,121991.782
2022-10-20,1666224000000,19041.5,19345.0,18865.0,19121.5,159295.121
2022-10-21,1666310400000,19153.0,19247.0,18621.5,19041.5,164389.181
2022-10-22,1666396800000,19189.5,19239.5,19102.0,19153.0,41575.307
2022-10-23,1666483200000,19559.0,19683.5,19050.0,19189.5,95538.339
2022-10-24,1666569600000,19317.0,19590.0,19155.0,19559.0,127421.933
2022-10-25,1666656000000,20067.0,20400.0,19223.5,19317.0,225625.032
2022-10-26,1666742400000,20756.0,21009.0,20041.0,20067.0,231429.972
2022-10-27,1666828800000,20283.0,20861.5,20182.5,20756.0,174645.009
2022-10-28,1666915200000,20585.0,20738.0,19963.0,20283.0,167248.893
2022-10-29,1667001600000,20795.0,21100.0,20551.0,20585.0,127835.2
2022-10-30,1667088000000,20613.5,20920.0,20500.0,20795.0,73792.511
2022-10-31,1667174400000,20480.0,20832.0,20222.0,20613.5,133753.094
2022-11-01,1667260800000,20472.5,20689.0,20318.0,20480.0,84949.959
2022-11-02,1667347200000,20143.5,20789.0,20051.5,20472.5,181631.672
2022-11-03,1667433600000,20199.5,20382.0,20013.5,20143.5,96388.681
2022-11-04,1667520000000,21132.0,21293.5,20175.0,20199.5,220464.945
2022-11-05,1667606400000,21290.5,21470.0,21068.0,21132.0,82840.951
2022-11-06,1667692800000,20904.0,21345.0,20874.5,21290.5,76315.126
2022-11-07,1667779200000,20582.5,21062.5,20365.0,20904.0,150294.233
2022-11-08,1667865600000,18537.0,20672.0,16800.0,20582.5,699512.438
2022-11-09,1667952000000,15891.5,18578.0,15460.5,18537.0,558721.094
2022-11-10,1668038400000,17594.0,18191.0,15697.5,15891.5,399524.126
2022-11-11,1668124800000,17052.0,17673.5,16310.0,17594.0,272649.351
2022-11-12,1668211200000,16804.0,17103.5,16624.5,17052.0,83551.459
2022-11-13,1668297600000,16330.5,16943.5,16222.0,16804.0,95510.435
2022-11-14,1668384000000,16607.5,17213.0,15802.5,16330.5,276275.735
2022-11-15,1668470400000,16878.0,17160.0,16515.5,16607.5,181155.602
2022-11-16,1668556800000,16643.0,17011.0,16367.0,16878.0,140983.363
2022-11-17,1668643200000,16688.5,16739.5,16400.0,16643.0,102872.23
2022-11-18,1668729600000,16700.0,16997.0,16541.5,16688.5,104046.598
2022-11-19,1668816000000,16688.0,16799.0,16551.0,16700.0,43365.1
2022-11-20,1668902400000,16273.5,16739.5,16180.0,16688.0,93939.768
2022-11-21,1668988800000,15765.5,16789.0,15440.0,16273.5,227818.724
2022-11-22,1669075200000,16218.5,16300.0,15620.0,15765.5,161518.212
2022-11-23,1669161600000,16589.0,16710.5,16154.5,16218.5,155912.474
2022-11-24,1669248000000,16594.5,16810.0,16450.0,16589.0,95732.129
2022-11-25,1669334400000,16510.5,16646.0,16339.0,16594.5,79584.532
2022-11-26,1669420800000,16449.0,16685.0,16376.5,16510.5,63440.9
2022-11-27,1669507200000,16426.0,16588.5,16401.0,16449.0,45324.673
2022-11-28,1669593600000,16206.0,16477.0,15985.0,16426.0,155591.767
2022-11-29,1669680000000,16427.0,16547.0,16096.5,16206.0,118283.979
2022-11-30,1669766400000,17146.5,17270.0,16418.0,16427.0,179218.274
2022-12-01,1669852800000,16972.5,17390.0,16850.0,17146.5,115491.538
2022-12-02,1669939200000,17083.5,17100.0,16769.0,16972.5,99441.59
2022-12-03,1670025600000,16881.0,17150.0,16855.0,17083.5,55577.335
2022-12-04,1670112000000,17096.0,17195.0,16880.5,16881.0,76561.758
2022-12-05,1670198400000,16966.0,17425.5,16867.0,17096.0,139606.62
2022-12-06,1670284800000,17081.5,17116.5,16903.5,16966.0,80065.833
2022-12-07,1670371200000,16823.0,17135.0,16666.5,17081.5,86069.542
2022-12-08,1670457600000,17209.5,17286.0,16702.5,16823.0,112023.483
2022-12-09,1670544000000,17116.0,17348.0,17045.0,17209.5,77124.718
2022-12-10,1670630400000,17121.0,17219.5,17086.0,17116.0,32090.751
2022-12-11,1670716800000,17078.0,17261.5,17060.0,17121.0,37999.728
2022-12-12,1670803200000,17194.0,17234.5,16870.0,17078.0,98693.27
2022-12-13,1670889600000,17764.5,18000.0,17060.0,17194.0,189951.138
2022-12-14,1670976000000,17790.0,18379.0,17514.0,17764.5,214192.682
2022-12-15,1671062400000,17353.5,17830.5,17262.0,17790.0,126228.838
2022-12-16,1671148800000,16634.0,17530.0,16532.5,17353.5,198399.798
2022-12-17,1671235200000,16770.5,16792.5,16574.5,16634.0,61679.368
2022-12-18,1671321600000,16729.5,16900.0,16656.0,16770.5,52565.046
2022-12-19,1671408000000,16432.5,16805.0,16203.0,16729.5,106830.579
2022-12-20,1671494400000,16890.0,17054.0,16388.0,16432.5,142816.376
2022-12-21,1671580800000,16822.0,16918.5,16710.0,16890.0,66481.455
2022-12-22,1671667200000,16832.5,16890.0,16560.5,16822.0,89747.342
2022-12-23,1671753600000,16785.0,16990.0,16705.0,16832.5,71752.974
2022-12-24,1671840000000,16828.5,16859.0,16785.0,16785.0,18763.85
2022-12-25,1671926400000,16825.0,16853.5,16713.5,16828.5,36886.58
2022-12-26,1672012800000,16911.0,16937.5,16783.0,16825.0,38688.925
2022-12-27,1672099200000,16709.0,16961.0,16587.0,16911.0,75010.438
2022-12-28,1672185600000,16546.5,16778.0,16469.5,16709.0,100333.293
2022-12-29,1672272000000,16642.0,16665.0,16490.0,16546.5,60469.75
2022-12-30,1672358400000,16620.5,16725.0,16353.0,16642.0,88014.6
2022-12-31,1672444800000,16549.5,16650.5,16480.5,16620.5,39283.915
2023-01-01,1672531200000,16622.5,16631.0,16511.0,16549.5,24943.016
2023-01-02,1672617600000,16668.0,16799.0,16552.0,16622.5,64844.907
2023-01-03,1672704000000,16670.0,16774.0,16605.0,16668.0,65314.938
2023-01-04,1672790400000,16847.5,16988.0,16652.0,16670.0,107056.584
2023-01-05,1672876800000,16826.0,16873.5,16747.0,16847.5,49374.574
2023-01-06,1672963200000,16940.0,17031.5,16675.0,16826.0,95139.388
2023-01-07,1673049600000,16938.0,16974.0,16904.0,16940.0,18890.73
2023-01-08,1673136000000,17119.5,17190.0,16907.0,16938.0,48890.622
2023-01-09,1673222400000,17173.5,17385.0,17094.0,17119.5,108098.728
2023-01-10,1673308800000,17430.5,17480.5,17138.5,17173.5,85649.811
2023-01-11,1673395200000,17929.0,18031.0,17309.5,17430.5,111579.23
2023-01-12,1673481600000,18820.0,19133.5,17896.0,17929.0,296184.86
2023-01-13,1673568000000,19909.0,20013.5,18692.0,18820.0,235525.164
2023-01-14,1673654400000,20952.5,21550.0,19869.5,19909.0,326866.984
2023-01-15,1673740800000,20878.0,21066.0,20555.0,20952.5,118541.184
2023-01-16,1673827200000,21179.0,21488.0,20600.0,20878.0,207040.534
2023-01-17,1673913600000,21118.0,21626.5,20824.5,21179.0,161002.365
2023-01-18,1674000000000,20674.0,21673.0,20385.0,21118.0,274076.351
2023-01-19,1674086400000,21058.5,21173.5,20645.0,20674.0,120207.752
2023-01-20,1674172800000,22656.5,22780.0,20853.0,21058.5,224304.43
2023-01-21,1674259200000,22781.5,23381.0,22413.0,22656.5,228138.206
2023-01-22,1674345600000,22703.5,23083.0,22277.0,22781.5,138759.901
2023-01-23,1674432000000,22908.5,23187.0,22459.5,22703.5,167008.427
2023-01-24,1674518400000,22631.0,23165.5,22451.0,22908.5,149058.582
2023-01-25,1674604800000,23056.5,23875.0,22319.0,22631.0,217704.47
2023-01-26,1674691200000,23005.5,23289.5,22850.5,23056.5,118456.82
2023-01-27,1674777600000,23066.0,23515.5,22523.0,23005.5,156010.669
2023-01-28,1674864000000,23022.0,23193.0,22874.0,23066.0,44468.238
2023-01-29,1674950400000,23737.5,23966.0,22962.0,23022.0,153694.093
2023-01-30,1675036800000,22830.5,23799.5,22480.5,23737.5,177328.745
2023-01-31,1675123200000,23130.0,23375.0,22723.0,22830.5,117969.48
2023-02-01,1675209600000,23729.5,23866.0,22755.0,23130.0,167442.623
2023-02-02,1675296000000,23495.5,24280.0,23360.0,23729.5,183609.406
2023-02-03,1675382400000,23433.5,23723.0,23203.0,23495.5,118629.253
2023-02-04,1675468800000,23323.5,23587.5,23260.5,23433.5,47655.117
2023-02-05,1675555200000,22934.0,23434.5,22760.0,23323.5,96929.849
2023-02-06,1675641600000,22763.5,23165.0,22612.5,22934.0,102631.632
2023-02-07,1675728000000,23244.5,23363.0,22749.5,22763.5,123637.716
2023-02-08,1675814400000,22959.0,23462.5,22669.0,23244.5,103272.766
2023-02-09,1675900800000,21802.0,23011.0,21698.0,22959.0,205064.908
2023-02-10,1675987200000,21624.2,21939.5,21431.1,21802.0,126276.354
2023-02-11,1676073600000,21847.1,21890.0,21602.5,21624.2,52099.136
2023-02-12,1676160000000,21776.9,22079.0,21625.3,21847.1,78110.435
2023-02-13,1676246400000,21768.0,21887.0,21327.5,21776.9,129526.994
2023-02-14,1676332800000,22184.1,22310.7,21514.2,21768.0,178668.135
2023-02-15,1676419200000,24330.3,24428.9,22032.0,22184.1,250860.078
2023-02-16,1676505600000,23515.5,25296.1,23505.0,24330.3,286770.916
2023-02-17,1676592000000,24578.0,25043.9,23340.0,23515.5,285178.286
2023-02-18,1676678400000,24637.9,24886.6,24427.4,24578.0,80547.124
2023-02-19,1676764800000,24266.9,25197.5,24168.8,24637.9,157719.502
2023-02-20,1676851200000,24853.5,25149.6,23816.7,24266.9,182022.465
2023-02-21,1676937600000,24455.5,25295.0,24152.0,24853.5,207542.391
2023-02-22,1677024000000,24180.2,24476.0,23570.3,24455.5,205335.381
2023-02-23,1677110400000,23936.4,24602.9,23590.5,24180.2,205216.569
2023-02-24,1677196800000,23185.1,24130.0,22800.0,23936.4,197117.907
2023-02-25,1677283200000,23154.8,23212.8,22712.3,23185.1,81103.536
2023-02-26,1677369600000,23548.3,23685.7,23060.1,23154.8,104193.601
2023-02-27,1677456000000,23484.1,23889.0,23083.8,23548.3,158482.927
2023-02-28,1677542400000,23129.9,23592.9,23010.0,23484.1,120864.711
2023-03-01,1677628800000,23630.0,24028.4,23015.0,23129.9,174329.331
2023-03-02,1677715200000,23462.5,23788.2,23186.4,23630.0,108167.574
2023-03-03,1677801600000,22345.8,23469.9,21905.0,23462.5,190990.043
2023-03-04,1677888000000,22336.6,22394.8,22152.0,22345.8,45459.139
2023-03-05,1677974400000,22419.0,22672.9,22173.0,22336.6,72836.932
2023-03-06,1678060800000,22398.5,22594.7,22234.4,22419.0,75489.874
2023-03-07,1678147200000,22188.9,22541.2,21919.0,22398.5,153476.577
2023-03-08,1678233600000,21702.0,22280.0,21559.0,22188.9,159996.985
2023-03-09,1678320000000,20355.6,21837.5,20016.0,21702.0,292958.451
2023-03-10,1678406400000,20141.4,20358.1,19535.0,20355.6,359581.663
2023-03-11,1678492800000,20450.1,20671.2,19760.0,20141.4,189705.16
2023-03-12,1678579200000,21978.9,22139.0,20260.9,20450.1,244700.456
2023-03-13,1678665600000,24112.2,24560.0,21804.0,21978.9,414361.488
2023-03-14,1678752000000,24684.7,26500.0,23966.0,24112.2,476325.135
2023-03-15,1678838400000,24284.9,25211.0,23868.1,24684.7,306935.436
2023-03-16,1678924800000,24989.2,25175.0,24123.2,24284.9,201971.596
2023-03-17,1679011200000,27382.2,27766.0,24878.6,24989.2,407579.872
2023-03-18,1679097600000,26898.2,27720.0,26555.0,27382.2,198268.054
2023-03-19,1679184000000,27962.1,28417.1,26816.2,26898.2,215409.683
2023-03-20,1679270400000,27703.6,28480.0,27123.0,27962.1,251285.843
2023-03-21,1679356800000,28090.0,28471.0,27292.2,27703.6,189724.09
2023-03-22,1679443200000,27233.8,28897.0,26583.4,28090.0,319885.014
2023-03-23,1679529600000,28278.0,28780.0,27103.5,27233.8,238795.344
2023-03-24,1679616000000,27437.2,28353.2,26956.0,28278.0,198482.434
2023-03-25,1679702400000,27444.9,27787.5,27132.0,27437.2,98602.968
2023-03-26,1679788800000,27951.6,28196.7,27402.4,27444.9,107214.999
2023-03-27,1679875200000,27108.3,28010.0,26474.3,27951.6,184006.017
2023-03-28,1679961600000,27243.5,27497.0,26611.0,27108.3,165746.782
2023-03-29,1680048000000,28330.0,28644.5,27220.0,27243.5,194113.38
2023-03-30,1680134400000,28008.1,29197.2,27650.0,28330.0,235499.793
2023-03-31,1680220800000,28452.1,28675.1,27486.6,28008.1,178252.438
2023-04-01,1680307200000,28435.1,28838.6,28182.5,28452.1,75890.103
2023-04-02,1680393600000,28155.9,28525.0,27822.8,28435.1,95661.658
2023-04-03,1680480000000,27788.7,28550.0,27175.0,28155.9,203626.196
2023-04-04,1680566400000,28149.7,28438.4,27648.2,27788.7,125456.94
2023-04-05,1680652800000,28154.7,28797.1,27777.2,28149.7,164775.784
2023-04-06,1680739200000,28022.1,28173.5,27670.0,28154.7,104171.182
2023-04-07,1680825600000,27884.2,28094.1,27755.0,28022.1,64473.991
2023-04-08,1680912000000,27929.7,28164.2,27846.0,27884.2,45982.113
2023-04-09,1680998400000,28309.7,28524.4,27764.0,27929.7,81710.173
2023-04-10,1681084800000,29628.1,29864.0,28136.6,28309.7,180407.572
2023-04-11,1681171200000,30179.0,30560.5,29579.5,29628.1,185394.716
2023-04-12,1681257600000,29871.0,30480.0,29630.0,30179.0,164493.656
2023-04-13,1681344000000,30366.2,30600.0,29845.0,29871.0,123189.922
2023-04-14,1681430400000,30438.2,31061.7,29936.0,30366.2,185362.931
2023-04-15,1681516800000,30293.7,30583.0,30180.0,30438.2,48487.911
2023-04-16,1681603200000,30295.9,30565.4,30114.0,30293.7,62834.89
2023-04-17,1681689600000,29421.8,30308.3,29219.0,30295.9,131797.284
2023-04-18,1681776000000,30382.5,30500.0,29060.0,29421.8,168836.112
2023-04-19,1681862400000,28797.1,30416.2,28555.0,30382.5,233029.079
2023-04-20,1681948800000,28235.6,29082.8,27981.4,28797.1,204139.68
2023-04-21,1682035200000,27253.2,28368.0,27058.0,28235.6,203409.469
2023-04-22,1682121600000,27799.2,27880.4,27130.0,27253.2,94647.996
2023-04-23,1682208000000,27572.8,27800.0,27302.2,27799.2,95424.25
2023-04-24,1682294400000,27493.1,27989.0,26933.0,27572.8,177761.372
2023-04-25,1682380800000,28277.3,28388.0,27181.1,27493.1,159357.87
2023-04-26,1682467200000,28401.9,30062.0,27200.0,28277.3,409222.474
2023-04-27,1682553600000,29458.2,29883.5,28368.8,28401.9,291124.269
2023-04-28,1682640000000,29296.1,29593.8,28870.0,29458.2,141389.093
2023-04-29,1682726400000,29211.9,29427.9,29010.1,29296.1,55671.796
2023-04-30,1682812800000,29217.0,29955.0,29074.8,29211.9,128685.213
2023-05-01,1682899200000,28051.2,29328.4,27640.1,29217.0,215807.644
2023-05-02,1682985600000,28655.1,28869.0,27860.0,28051.2,167931.582
2023-05-03,1683072000000,29014.0,29262.8,28069.1,28655.1,204523.419
2023-05-04,1683158400000,28818.9,29384.2,28631.2,29014.0,122034.083
2023-05-05,1683244800000,29495.2,29674.0,28750.0,28818.9,160414.187
2023-05-06,1683331200000,28833.3,29833.0,28325.0,29495.2,126536.839
2023-05-07,1683417600000,28413.9,29129.3,28370.0,28833.3,89240.279
2023-05-08,1683504000000,27653.4,28615.0,27250.0,28413.9,185923.051
2023-05-09,1683590400000,27618.3,27810.6,27333.3,27653.4,93377.287
2023-05-10,1683676800000,27577.3,28293.0,26700.0,27618.3,219063.045
2023-05-11,1683763200000,26955.1,27618.0,26650.0,27577.3,147930.236
2023-05-12,1683849600000,26779.3,27078.9,25764.0,26955.1,177401.598
2023-05-13,1683936000000,26767.1,27036.5,26675.9,26779.3,62182.888
2023-05-14,1684022400000,26903.0,27198.6,26534.3,26767.1,64099.088
2023-05-15,1684108800000,27148.4,27648.0,26700.2,26903.0,127797.989
2023-05-16,1684195200000,27020.4,27288.0,26818.0,27148.4,99848.543
2023-05-17,1684281600000,27388.8,27565.2,26501.4,27020.4,139421.967
2023-05-18,1684368000000,26803.6,27474.6,26341.3,27388.8,143376.906
2023-05-19,1684454400000,26868.8,27172.9,26602.7,26803.6,84425.789
2023-05-20,1684540800000,27089.1,27134.0,26816.2,26868.8,46923.679
2023-05-21,1684627200000,26734.3,27282.1,26653.8,27089.1,72095.706
2023-05-22,1684713600000,26834.7,27099.3,26510.0,26734.3,88574.073
2023-05-23,1684800000000,27209.9,27495.6,26787.6,26834.7,99823.63
2023-05-24,1684886400000,26311.0,27210.0,26050.0,27209.9,152435.578
2023-05-25,1684972800000,26456.6,26627.4,25851.0,26311.0,109571.79
2023-05-26,1685059200000,26695.0,26929.9,26306.8,26456.6,93122.758
2023-05-27,1685145600000,26838.5,26897.6,26530.0,26695.0,41300.823
2023-05-28,1685232000000,28049.9,28280.0,26751.7,26838.5,130592.359
2023-05-29,1685318400000,27722.0,28449.0,27510.0,28049.9,113056.196
2023-05-30,1685404800000,27681.2,28036.7,27529.0,27722.0,97040.171
2023-05-31,1685491200000,27199.0,27824.0,26817.0,27681.2,125541.458
2023-06-01,1685577600000,26809.5,27343.4,26584.6,27199.0,115697.383
2023-06-02,1685664000000,27238.1,27293.4,26480.7,26809.5,100564.807
2023-06-03,1685750400000,27059.1,27324.9,26905.9,27238.1,40069.811
2023-06-04,1685836800000,27105.5,27450.0,26946.4,27059.1,53020.356
2023-06-05,1685923200000,25717.2,27116.5,25361.5,27105.5,210223.933
2023-06-06,1686009600000,27216.9,27356.7,25324.2,25717.2,214006.233
2023-06-07,1686096000000,26323.4,27397.0,26115.4,27216.9,168132.234
2023-06-08,1686182400000,26485.1,26810.5,26190.3,26323.4,89449.588
2023-06-09,1686268800000,26466.9,26770.0,26260.0,26485.1,74833.089
2023-06-10,1686355200000,25826.1,26527.7,25334.0,26466.9,172772.677
2023-06-11,1686441600000,25915.1,26196.8,25615.9,25826.1,68127.773
2023-06-12,1686528000000,25895.3,26095.0,25603.8,25915.1,82674.703
2023-06-13,1686614400000,25920.5,26420.0,25708.1,25895.3,123173.171
2023-06-14,1686700800000,25113.9,26098.4,24779.5,25920.5,141042.411
2023-06-15,1686787200000,25585.9,25750.0,24780.0,25113.9,125901.969
2023-06-16,1686873600000,26325.2,26500.0,25155.0,25585.9,165069.685
2023-06-17,1686960000000,26505.0,26886.8,26164.6,26325.2,90080.151
2023-06-18,1687046400000,26333.5,26698.0,26232.0,26505.0,63645.199
2023-06-19,1687132800000,26827.4,27063.8,26250.0,26333.5,123894.548
2023-06-20,1687219200000,28286.0,28390.8,26642.1,26827.4,236691.39
2023-06-21,1687305600000,29985.7,30800.0,28240.0,28286.0,345871.952
2023-06-22,1687392000000,29876.4,30497.6,29503.4,29985.7,163751.947
2023-06-23,1687478400000,30674.1,31444.0,29785.3,29876.4,236934.44
2023-06-24,1687564800000,30528.0,30797.9,30248.1,30674.1,82158.401
2023-06-25,1687651200000,30460.1,31042.1,30260.0,30528.0,88353.341
2023-06-26,1687737600000,30262.2,30649.6,29917.0,30460.1,123800.395
2023-06-27,1687824000000,30680.7,30997.0,30217.1,30262.2,127463.236
2023-06-28,1687910400000,30057.9,30694.7,29817.0,30680.7,132003.222
2023-06-29,1687996800000,30433.7,30830.0,30027.8,30057.9,110257.392
2023-06-30,1688083200000,30465.5,31291.9,29412.8,30433.7,291232.745
2023-07-01,1688169600000,30577.0,30650.0,30312.0,30465.5,36817.47
2023-07-02,1688256000000,30601.9,30790.0,30138.4,30577.0,70308.258
2023-07-03,1688342400000,31149.1,31399.4,30541.6,30601.9,113015.607
2023-07-04,1688428800000,30754.1,31319.2,30602.8,31149.1,87302.891
2023-07-05,1688515200000,30485.3,30869.1,30176.6,30754.1,97126.987
2023-07-06,1688601600000,29875.1,31543.1,29810.1,30485.3,220337.957
2023-07-07,1688688000000,30331.5,30445.6,29675.1,29875.1,96393.334
2023-07-08,1688774400000,30271.3,30377.1,30025.0,30331.5,33141.839
2023-07-09,1688860800000,30150.0,30451.0,30052.0,30271.3,41440.397
2023-07-10,1688947200000,30399.1,31035.5,29927.5,30150.0,127048.465
2023-07-11,1689033600000,30602.9,30811.2,30251.5,30399.1,90087.889
2023-07-12,1689120000000,30367.8,30962.2,30185.0,30602.9,127328.391
2023-07-13,1689206400000,31437.3,31843.9,30236.9,30367.8,202379.301
2023-07-14,1689292800000,30294.8,31635.1,29873.0,31437.3,153945.22
2023-07-15,1689379200000,30268.6,30384.0,30221.3,30294.8,22549.744
2023-07-16,1689465600000,30221.4,30445.4,30038.2,30268.6,43918.438
2023-07-17,1689552000000,30120.0,30318.8,29610.0,30221.4,98500.359
2023-07-18,1689638400000,29851.0,30224.6,29362.0,30120.0,99281.505
2023-07-19,1689724800000,29888.8,30189.9,29734.6,29851.0,81094.954
2023-07-20,1689811200000,29792.9,30407.0,29488.1,29888.8,122604.403
2023-07-21,1689897600000,29888.4,30050.0,29710.9,29792.9,51522.658
2023-07-22,1689984000000,29774.0,29992.3,29608.6,29888.4,30845.81
2023-07-23,1690070400000,30071.1,30330.0,29717.0,29774.0,56514.794
2023-07-24,1690156800000,29158.9,30084.0,28851.0,30071.1,122850.688
2023-07-25,1690243200000,29217.2,29367.0,29026.7,29158.9,49872.827
2023-07-26,1690329600000,29336.7,29665.1,29076.0,29217.2,93748.884
2023-07-27,1690416000000,29209.6,29552.6,29069.4,29336.7,61428.23
2023-07-28,1690502400000,29299.8,29545.8,29111.2,29209.6,68921.424
2023-07-29,1690588800000,29340.3,29396.9,29242.4,29299.8,20478.286
2023-07-30,1690675200000,29273.1,29444.9,29000.4,29340.3,52491.289
2023-07-31,1690761600000,29224.4,29520.0,29100.0,29273.1,71733.419
2023-08-01,1690848000000,29700.1,29727.6,28555.6,29224.4,153844.83
2023-08-02,1690934400000,29169.8,30040.0,28901.6,29700.1,152586.221
2023-08-03,1691020800000,29177.6,29433.0,28951.0,29169.8,83576.214
2023-08-04,1691107200000,29102.5,29320.0,28788.0,29177.6,71456.175
2023-08-05,1691193600000,29055.9,29140.7,28970.3,29102.5,21049.336
2023-08-06,1691280000000,29075.7,29195.0,28980.0,29055.9,24619.687
2023-08-07,1691366400000,29200.0,29290.0,28677.1,29075.7,89115.397
2023-08-08,1691452800000,29755.1,30265.8,29126.4,29200.0,161151.519
2023-08-09,1691539200000,29565.8,30129.0,29364.6,29755.1,125656.267
2023-08-10,1691625600000,29441.4,29732.3,29308.8,29565.8,75390.971
2023-08-11,1691712000000,29413.9,29573.0,29215.1,29441.4,59907.295
2023-08-12,1691798400000,29417.8,29469.0,29371.2,29413.9,14803.515
2023-08-13,1691884800000,29301.3,29463.8,29266.6,29417.8,24728.64
2023-08-14,1691971200000,29422.6,29680.0,29080.0,29301.3,91780.557
2023-08-15,1692057600000,29194.4,29496.1,29049.7,29422.6,58347.303
2023-08-16,1692144000000,28727.8,29258.7,28714.1,29194.4,98336.234
2023-08-17,1692230400000,26610.1,28780.0,24200.9,28727.8,358194.266
2023-08-18,1692316800000,26040.5,26820.0,25572.9,26610.1,183621.321
2023-08-19,1692403200000,26088.8,26263.3,25785.7,26040.5,64301.32
2023-08-20,1692489600000,26176.5,26307.0,25940.2,26088.8,50738.24
2023-08-21,1692576000000,26112.9,26279.7,25794.2,26176.5,82183.661
2023-08-22,1692662400000,26044.0,26127.4,25267.3,26112.9,118180.893
2023-08-23,1692748800000,26422.9,26823.8,25801.0,26044.0,152407.643
2023-08-24,1692835200000,26161.6,26573.6,25834.0,26422.9,109799.866
2023-08-25,1692921600000,26045.9,26301.3,25755.0,26161.6,104937.761
2023-08-26,1693008000000,26008.5,26115.0,25974.3,26045.9,24080.421
2023-08-27,1693094400000,26085.4,26170.0,25957.3,26008.5,53404.483
2023-08-28,1693180800000,26102.4,26243.5,25842.0,26085.4,79527.366
2023-08-29,1693267200000,27702.6,28140.8,25910.9,26102.4,276545.164
2023-08-30,1693353600000,27282.7,27756.2,26969.5,27702.6,122130.804
2023-08-31,1693440000000,25924.1,27627.5,25627.2,27282.7,230575.976
2023-09-01,1693526400000,25793.7,26145.0,25305.4,25924.1,148689.968
2023-09-02,1693612800000,25857.7,25975.0,25742.5,25793.7,33745.877
2023-09-03,1693699200000,25959.9,26133.0,25783.0,25857.7,47583.256
2023-09-04,1693785600000,25811.9,26089.0,25616.3,25959.9,65625.431
2023-09-05,1693872000000,25781.9,25900.0,25542.0,25811.9,60842.836
2023-09-06,1693958400000,25749.5,26052.4,25342.4,25781.9,93493.249
2023-09-07,1694044800000,26245.2,26450.0,25601.7,25749.5,99199.976
2023-09-08,1694131200000,25896.9,26436.3,25631.9,26245.2,92708.169
2023-09-09,1694217600000,25889.7,25939.8,25784.8,25896.9,17249.297
2023-09-10,1694304000000,25826.4,26020.0,25543.1,25889.7,55650.038
2023-09-11,1694390400000,25154.7,25890.0,24853.4,25826.4,172002.657
2023-09-12,1694476800000,25825.0,26584.0,25122.0,25154.7,219432.334
2023-09-13,1694563200000,26207.8,26397.0,25740.5,25825.0,126346.889
2023-09-14,1694649600000,26510.0,26863.2,26105.5,26207.8,128898.613
2023-09-15,1694736000000,26588.9,26890.9,26204.8,26510.0,93787.138
2023-09-16,1694822400000,26550.0,26765.4,26430.0,26588.9,41608.69
2023-09-17,1694908800000,26514.6,26609.3,26380.0,26550.0,33314.109
2023-09-18,1694995200000,26749.3,27400.0,26350.3,26514.6,184832.863
2023-09-19,1695081600000,27193.0,27484.9,26651.1,26749.3,152346.585
2023-09-20,1695168000000,27110.6,27383.1,26710.5,27193.0,129859.238
2023-09-21,1695254400000,26554.5,27149.9,26363.0,27110.6,132916.233
2023-09-22,1695340800000,26565.7,26732.9,26455.3,26554.5,55278.125
2023-09-23,1695427200000,26565.6,26620.0,26496.1,26565.7,15215.509
2023-09-24,1695513600000,26232.9,26724.9,26079.0,26565.6,52046.107
2023-09-25,1695600000000,26287.5,26437.0,25971.3,26232.9,103955.422
2023-09-26,1695686400000,26207.4,26382.5,26075.6,26287.5,64863.984
2023-09-27,1695772800000,26359.5,26838.7,26087.5,26207.4,137145.594
2023-09-28,1695859200000,27010.7,27312.7,26322.0,26359.5,166833.291
2023-09-29,1695945600000,26894.7,27238.9,26641.0,27010.7,105074.223
2023-09-30,1696032000000,26953.5,27082.0,26876.2,26894.7,27217.005
2023-10-01,1696118400000,27979.0,28350.0,26942.9,26953.5,92312.113
2023-10-02,1696204800000,27484.1,28591.7,27253.6,27979.0,230561.084
2023-10-03,1696291200000,27413.2,27662.0,27150.5,27484.1,105579.967
2023-10-04,1696377600000,27764.7,27825.0,27175.6,27413.2,109483.596
2023-10-05,1696464000000,27397.3,28115.0,27336.6,27764.7,138162.855
2023-10-06,1696550400000,27912.5,28285.0,27132.0,27397.3,169373.774
2023-10-07,1696636800000,27942.3,28020.8,27817.5,27912.5,36960.951
2023-10-08,1696723200000,27899.0,28077.7,27665.1,27942.3,60590.687
2023-10-09,1696809600000,27579.2,27971.5,27250.0,27899.0,127589.173
2023-10-10,1696896000000,27378.0,27721.7,27282.3,27579.2,97856.074
2023-10-11,1696982400000,26865.5,27465.4,26523.0,27378.0,164050.793
2023-10-12,1697068800000,26746.4,26932.0,26540.1,26865.5,83182.287
2023-10-13,1697155200000,26846.7,27120.1,26670.2,26746.4,94437.728
2023-10-14,1697241600000,26841.6,26978.8,26780.0,26846.7,24675.898
2023-10-15,1697328000000,27139.3,27283.1,26800.0,26841.6,58245.981
2023-10-16,1697414400000,28480.9,30625.8,27098.0,27139.3,367390.427
2023-10-17,1697500800000,28380.7,28600.0,28026.0,28480.9,117600.787
2023-10-18,1697587200000,28309.1,28993.7,28125.0,28380.7,115382.253
2023-10-19,1697673600000,28696.9,28922.1,28074.0,28309.1,124173.792
2023-10-20,1697760000000,29652.7,30260.0,28555.6,28696.9,213127.039
2023-10-21,1697846400000,29891.6,30382.0,29450.3,29652.7,100368.078
2023-10-22,1697932800000,29978.7,30321.0,29605.9,29891.6,78161.779
2023-10-23,1698019200000,33092.9,36743.5,29875.0,29978.7,397499.899
2023-10-24,1698105600000,33935.8,35299.9,32843.3,33092.9,318075.969
2023-10-25,1698192000000,34505.0,35184.8,33685.0,33935.8,182268.981
2023-10-26,1698278400000,34166.1,34845.1,33751.0,34505.0,120771.122
2023-10-27,1698364800000,33911.0,34276.3,33350.0,34166.1,106620.956
2023-10-28,1698451200000,34097.4,34592.7,33881.0,33911.0,54426.813
2023-10-29,1698537600000,34535.8,34795.0,33936.1,34097.4,64826.587
2023-10-30,1698624000000,34501.6,34913.2,34026.4,34535.8,100478.788
2023-10-31,1698710400000,34667.1,34761.0,34041.4,34501.6,94084.316
2023-11-01,1698796800000,35442.4,35749.8,34058.0,34667.1,196036.327
2023-11-02,1698883200000,34958.5,36084.2,34295.7,35442.4,188074.069
2023-11-03,1698969600000,34720.1,34959.7,34131.7,34958.5,159625.647
2023-11-04,1699056000000,35075.0,35279.0,34588.2,34720.1,67541.282
2023-11-05,1699142400000,35035.8,35449.0,34415.8,35075.0,114892.324
2023-11-06,1699228800000,35072.9,35310.9,34750.0,35035.8,89574.04
2023-11-07,1699315200000,35424.5,35927.9,34526.6,35072.9,147118.124
2023-11-08,1699401600000,35641.7,36187.7,35075.0,35424.5,142056.786
2023-11-09,1699488000000,36726.5,38149.0,35554.2,35641.7,342798.621
2023-11-10,1699574400000,37335.2,37604.2,36360.0,36726.5,128742.659
2023-11-11,1699660800000,37163.0,37429.3,36613.6,37335.2,63620.869
2023-11-12,1699747200000,37089.5,37260.3,36748.8,37163.0,43636.659
2023-11-13,1699833600000,36485.2,37473.0,36327.9,37089.5,110926.082
2023-11-14,1699920000000,35560.5,36786.2,34542.9,36485.2,185436.28
2023-11-15,1700006400000,37893.9,38016.9,35384.9,35560.5,199400.608
2023-11-16,1700092800000,36178.5,37968.1,35500.0,37893.9,188403.958
2023-11-17,1700179200000,36638.2,36939.1,35870.4,36178.5,139270.149
2023-11-18,1700265600000,36597.4,36898.2,36203.3,36638.2,47285.077
2023-11-19,1700352000000,37386.9,37534.7,36378.8,36597.4,68516.97
2023-11-20,1700438400000,37469.3,37846.7,36620.1,37386.9,152675.081
2023-11-21,1700524800000,35741.1,37693.2,35720.0,37469.3,218739.168
2023-11-22,1700611200000,37424.0,37888.0,35613.0,35741.1,152505.06
2023-11-23,1700697600000,37297.7,37677.0,36867.3,37424.0,82102.262
2023-11-24,1700784000000,37725.0,38435.7,37256.6,37297.7,159248.043
2023-11-25,1700870400000,37791.0,37900.0,37582.8,37725.0,31725.92
2023-11-26,1700956800000,37455.4,37827.0,37124.4,37791.0,77450.459
2023-11-27,1701043200000,37256.0,37569.3,36714.5,37455.4,108615.922
2023-11-28,1701129600000,37820.0,38430.0,36880.0,37256.0,144642.744
2023-11-29,1701216000000,37858.6,38600.1,37566.0,37820.0,122257.017
2023-11-30,1701302400000,37727.4,38145.0,37429.0,37858.6,79915.758
2023-12-01,1701388800000,38684.8,39031.6,37612.8,37727.4,143622.975
2023-12-02,1701475200000,39455.0,39894.0,38640.0,38684.8,90701.737
2023-12-03,1701561600000,39999.9,40439.9,39280.0,39455.0,93221.86
2023-12-04,1701648000000,42006.9,42479.3,39996.6,39999.9,270587.629
2023-12-05,1701734400000,44103.4,44555.0,41380.0,42006.9,238309.722
2023-12-06,1701820800000,43785.2,44331.6,43379.4,44103.4,147887.826
2023-12-07,1701907200000,43308.0,44087.7,42833.4,43785.2,151152.495
2023-12-08,1701993600000,44209.7,44777.0,43005.0,43308.0,119680.381
2023-12-09,1702080000000,43740.0,44416.1,43326.6,44209.7,79852.857
2023-12-10,1702166400000,43823.8,44114.6,43570.8,43740.0,54340.961
2023-12-11,1702252800000,41272.1,43854.8,40167.7,43823.8,292825.608
2023-12-12,1702339200000,41526.0,42168.1,40683.9,41272.1,155775.791
2023-12-13,1702425600000,42896.9,43600.0,40510.9,41526.0,172684.166
2023-12-14,1702512000000,43050.0,43475.0,41190.0,42896.9,171113.507
2023-12-15,1702598400000,41979.7,43112.5,41671.6,43050.0,108220.713
2023-12-16,1702684800000,42296.3,42783.3,41619.8,41979.7,59710.186
2023-12-17,1702771200000,41395.2,42479.2,41255.5,42296.3,89308.204
2023-12-18,1702857600000,42683.6,42810.6,40566.0,41395.2,163735.59
2023-12-19,1702944000000,42298.0,43548.0,41836.4,42683.6,141858.496
2023-12-20,1703030400000,43710.0,44355.0,42206.3,42298.0,169804.361
2023-12-21,1703116800000,43902.1,44290.0,43324.3,43710.0,116069.192
2023-12-22,1703203200000,44010.0,44473.9,43414.1,43902.1,103438.936
2023-12-23,1703289600000,43735.7,44029.2,43262.9,44010.0,48410.035
2023-12-24,1703376000000,43022.3,43987.0,42534.1,43735.7,69561.201
2023-12-25,1703462400000,43611.8,43874.5,42742.7,43022.3,73588.365
2023-12-26,1703548800000,42552.0,43634.1,41655.0,43611.8,117392.677
2023-12-27,1703635200000,43454.0,43710.0,42138.7,42552.0,98585.24
2023-12-28,1703721600000,42607.0,43849.5,42302.2,43454.0,101490.442
2023-12-29,1703808000000,42095.3,43170.0,41278.0,42607.0,135840.807
2023-12-30,1703894400000,42177.2,42654.0,41554.4,42095.3,68905.516
2023-12-31,1703980800000,42324.8,42945.9,42012.5,42177.2,59446.764
