timestamp,start_time,c,h,l,o,t
2021-01-01,1609459200000,38691.06,38746.95,34311.78,35606.51,1609459200
2021-01-02,1609545600000,40217.92,40217.92,35487.19,37824.1,1609545600
2021-01-03,1609632000000,34119.17,40210.84,33275.42,40210.84,1609632000
2021-01-04,1609718400000,30430.3,35857.57,29706.53,34870.23,1609718400
2021-01-05,1609804800000,28393.09,30422.22,27550.15,29679.19,1609804800
2021-01-06,1609891200000,29149.15,30425.05,29031.2,29218.79,1609891200
2021-01-07,1609977600000,29071.13,29217.93,27279.8,28573.4,1609977600
2021-01-08,1610064000000,29154.52,30198,28264.37,28665.96,1610064000
2021-01-09,1610150400000,31726.3,31726.3,26736.25,28565.12,1610150400
2021-01-10,1610236800000,31251.82,31497.79,29822.25,31467.35,1610236800
2021-01-11,1610323200000,26625.3,31697.19,26625.3,30799.24,1610323200
2021-01-12,1610409600000,28000.86,28691.67,25329.28,27751.31,1610409600
2021-01-13,1610496000000,27498.37,27498.37,23819.26,27101.26,1610496000
2021-01-14,1610582400000,29595.29,29595.29,26713.19,26713.19,1610582400
2021-01-15,1610668800000,30142.07,30142.07,26919.64,27446.64,1610668800
2021-01-16,1610755200000,28253.1,32125.35,26852.85,32125.35,1610755200
2021-01-17,1610841600000,27318.74,28728.13,27212.95,27835.92,1610841600
2021-01-18,1610928000000,28896.55,29467.31,26660.33,26936.85,1610928000
2021-01-19,1611014400000,29152.98,30266.08,27457.88,29129.69,1611014400
2021-01-20,1611100800000,29877.45,31109.74,28118.29,28509.85,1611100800
2021-01-21,1611187200000,29729.32,34271.91,29405.94,29567.75,1611187200
2021-01-22,1611273600000,26768.23,29726.27,26768.23,29726.27,1611273600
2021-01-23,1611360000000,26227.33,27300.12,25860.01,26728.61,1611360000
2021-01-24,1611446400000,26598.75,28059.13,25741.78,26379.12,1611446400
2021-01-25,1611532800000,28655.75,32040.71,26527.23,27125.35,1611532800
2021-01-26,1611619200000,28268.62,28732.43,27152.48,27583.2,1611619200
2021-01-27,1611705600000,29535.41,31586.2,27749.78,27749.78,1611705600
2021-01-28,1611792000000,30996.52,31125.85,28949.15,28949.15,1611792000
2021-01-29,1611878400000,30295.11,33419.36,30105.34,30105.34,1611878400
2021-01-30,1611964800000,30374.19,30374.19,28994.68,29180.06,1611964800
2021-01-31,1612051200000,31830.41,32900.13,29631.35,30147.24,1612051200
2021-02-01,1612137600000,29492.81,32089.09,29492.81,31372.58,1612137600
2021-02-02,1612224000000,30140.5,32205.67,28990.38,29437.02,1612224000
2021-02-03,1612310400000,28994.33,30589.54,28994.33,29964.52,1612310400
2021-02-04,1612396800000,29046.42,30719.14,28906.63,29195.32,1612396800
2021-02-05,1612483200000,30009.58,31880.33,28800.05,28800.05,1612483200
2021-02-06,1612569600000,34751.09,35083.61,30172.91,30172.91,1612569600
2021-02-07,1612656000000,31569.96,34132.3,31512.74,34132.3,1612656000
2021-02-08,1612742400000,36516.82,36516.82,30696.68,31546.68,1612742400
2021-02-09,1612828800000,34150.1,35564.08,34150.1,35418.78,1612828800
2021-02-10,1612915200000,32992.22,35845.68,32607.57,34005.79,1612915200
2021-02-11,1613001600000,36203.02,37482.07,32188.01,32798.37,1613001600
2021-02-12,1613088000000,35123.46,37270.34,34914.48,35819.28,1613088000
2021-02-13,1613174400000,33498.99,36076.53,33482.12,35265.14,1613174400
2021-02-14,1613260800000,37385.56,38909.04,33591.61,33591.61,1613260800
2021-02-15,1613347200000,34462.93,37220.39,33988.47,37220.39,1613347200
2021-02-16,1613433600000,34417.2,37267.78,33318.31,34474.94,1613433600
2021-02-17,1613520000000,37547.55,39592.39,34671.71,34671.71,1613520000
2021-02-18,1613606400000,35220.83,38090.53,35220.83,37623.3,1613606400
2021-02-19,1613692800000,35453.55,35920.27,34836.27,35242.29,1613692800
2021-02-20,1613779200000,32591.84,35325.81,32591.84,35325.81,1613779200
2021-02-21,1613865600000,33917.27,34611.22,32700.71,33038.28,1613865600
2021-02-22,1613952000000,29132.57,35368.18,29132.57,33058.71,1613952000
2021-02-23,1614038400000,26207.7,30729.71,26207.7,28999.23,1614038400
2021-02-24,1614124800000,27341.36,28565.99,25173.63,25992.33,1614124800
2021-02-25,1614211200000,28558.82,29417.54,27157.58,27420.52,1614211200
2021-02-26,1614297600000,27816.2,28861.55,27052.55,28861.55,1614297600
2021-02-27,1614384000000,27023.72,29128.67,26356.95,27167.51,1614384000
2021-02-28,1614470400000,29816.59,30933.32,27078.55,27546.11,1614470400
2021-03-01,1614556800000,28645.89,29951.23,27978.91,29544.46,1614556800
2021-03-02,1614643200000,29559.1,30023.29,28298,28834.18,1614643200
2021-03-03,1614729600000,29184.35,33250.26,28141.03,28749.8,1614729600
2021-03-04,1614816000000,29782.34,30901.98,28285.12,28901.89,1614816000
2021-03-05,1614902400000,30192.31,30789.28,29468.89,29468.89,1614902400
2021-03-06,1614988800000,30383.97,31120.86,28360.24,29993.51,1614988800
2021-03-07,1615075200000,30763.26,30763.26,28224.99,30699.24,1615075200
2021-03-08,1615161600000,30851.79,31250.7,29084.24,30684.68,1615161600
2021-03-09,1615248000000,33827.31,33935.67,30496.36,31154.74,1615248000
2021-03-10,1615334400000,33175.06,33415.83,31672.08,33415.83,1615334400
2021-03-11,1615420800000,33576.17,33576.17,31602.16,33340.45,1615420800
2021-03-12,1615507200000,33082.4,34409.52,33082.4,33948.63,1615507200
2021-03-13,1615593600000,37698.49,37698.49,31965.93,33490.27,1615593600
2021-03-14,1615680000000,37183.2,37486.02,35561.92,37486.02,1615680000
2021-03-15,1615766400000,32690.24,37336.82,32690.24,37336.82,1615766400
2021-03-16,1615852800000,33780.8,35647.76,32590.64,32590.64,1615852800
2021-03-17,1615939200000,35168.14,35168.14,33033.42,34200.93,1615939200
2021-03-18,1616025600000,33320.64,34960.82,31345.76,34960.82,1616025600
2021-03-19,1616112000000,32768.55,33389.67,31586.61,32967.73,1616112000
2021-03-20,1616198400000,32706.95,33556.26,31659.47,32755.13,1616198400
2021-03-21,1616284800000,33714.77,33868.83,31323.12,33159.3,1616284800
2021-03-22,1616371200000,33885.14,33969.04,32078.31,33248.82,1616371200
2021-03-23,1616457600000,34218.41,34844.16,32524.27,34036.17,1616457600
2021-03-24,1616544000000,33528.57,35179.24,32531.31,34357.58,1616544000
2021-03-25,1616630400000,34648.25,35224.09,32620.17,34347.78,1616630400
2021-03-26,1616716800000,34295.65,35306.33,33009.25,35276.79,1616716800
2021-03-27,1616803200000,33062.47,34247.15,32412.79,34247.15,1616803200
2021-03-28,1616889600000,32231.13,32800.14,31594.87,32574.69,1616889600
2021-03-29,1616976000000,35624.57,35624.57,31211.14,32126.43,1616976000
2021-03-30,1617062400000,33902.9,35389.53,32000.27,35389.53,1617062400
2021-03-31,1617148800000,34540.26,35379.93,33752.55,34141.11,1617148800
2021-04-01,1617235200000,34198.68,34918.4,33645.67,34323.12,1617235200
2021-04-02,1617321600000,35159.64,35289.26,33212.34,33899.38,1617321600
2021-04-03,1617408000000,35762.59,35762.59,34050.7,34908.96,1617408000
2021-04-04,1617494400000,34135.94,35607.26,34135.94,35443.27,1617494400
2021-04-05,1617580800000,34407.4,34495.89,33478.09,33641.95,1617580800
2021-04-06,1617667200000,34769.35,34769.35,32961,34129.15,1617667200
2021-04-07,1617753600000,35377.33,35703.78,32453.02,34606.26,1617753600
2021-04-08,1617840000000,34182.8,35699.85,34182.8,35445.74,1617840000
2021-04-09,1617926400000,32259.49,33991.07,32122.69,33991.07,1617926400
2021-04-10,1618012800000,35724.41,35724.41,31939.64,32318.81,1618012800
2021-04-11,1618099200000,34610.7,35565.96,33074.21,35565.96,1618099200
2021-04-12,1618185600000,35745.78,36529.87,34150.74,34665.12,1618185600
2021-04-13,1618272000000,38356.52,40218.13,35455.92,35845.35,1618272000
2021-04-14,1618358400000,37015.46,38539.93,37015.46,38443.34,1618358400
2021-04-15,1618444800000,36283.65,37337.59,35980.22,36661.12,1618444800
2021-04-16,1618531200000,34808.28,39393.2,34808.28,36184.45,1618531200
2021-04-17,1618617600000,35320,35995.88,33836.7,34775.24,1618617600
2021-04-18,1618704000000,28184.97,36458.44,28184.97,35248.86,1618704000
2021-04-19,1618790400000,27195.87,29085.13,26591.61,28350.64,1618790400
2021-04-20,1618876800000,28349.74,29776.95,27155.08,27155.08,1618876800
2021-04-21,1618963200000,28248.03,28743.58,27532.43,28209.51,1618963200
2021-04-22,1619049600000,31355.92,31428.13,28570.06,28622.57,1619049600
2021-04-23,1619136000000,32214.65,34918.04,31157.82,31301.11,1619136000
2021-04-24,1619222400000,32976.93,33908.76,32204.4,32204.4,1619222400
2021-04-25,1619308800000,33116.17,34238.51,33062.02,33548.36,1619308800
2021-04-26,1619395200000,28248.73,32706.46,28248.73,32706.46,1619395200
2021-04-27,1619481600000,27874.44,29672.15,27843.95,28276.24,1619481600
2021-04-28,1619568000000,28653.47,28757.95,27741.52,27768.41,1619568000
2021-04-29,1619654400000,30592.6,31087.43,28001.09,28432.01,1619654400
2021-04-30,1619740800000,32442.31,32961.13,29806.05,30354.28,1619740800
2021-05-01,1619827200000,32404.52,33838.17,31957.51,31975.96,1619827200
2021-05-02,1619913600000,33192.26,34060.62,32521.48,32521.48,1619913600
2021-05-03,1620000000000,34983.02,35395.51,32019.91,33261.27,1620000000
2021-05-04,1620086400000,33686.72,35710.82,33033.58,34863.07,1620086400
2021-05-05,1620172800000,31118.64,33759.46,31118.64,33759.46,1620172800
2021-05-06,1620259200000,33376.07,33866.61,31185.04,31190.95,1620259200
2021-05-07,1620345600000,31719.41,33440.33,31431.69,33270.3,1620345600
2021-05-08,1620432000000,33071.27,34446.16,30933.67,31712.64,1620432000
2021-05-09,1620518400000,32099.62,33807.34,32099.62,32949.64,1620518400
2021-05-10,1620604800000,35848.05,36749.12,31379.67,31792.5,1620604800
2021-05-11,1620691200000,32356.29,34121.24,32264.64,32823.2,1620691200
2021-05-12,1620777600000,34474.3,35611.92,30736.01,32116.59,1620777600
2021-05-13,1620864000000,33772.34,34424.34,30118.86,31697.77,1620864000
2021-05-14,1620950400000,32699.26,34292.93,32568.48,34162.82,1620950400
2021-05-15,1621036800000,35956.54,36430.8,33037.92,33037.92,1621036800
2021-05-16,1621123200000,37148.24,38088.74,35433.02,36778.57,1621123200
2021-05-17,1621209600000,42434.7,43611.43,36727.19,36969.52,1621209600
2021-05-18,1621296000000,43002.34,43002.34,40177.15,42682.77,1621296000
2021-05-19,1621382400000,30305.54,46292.63,30305.54,42098.71,1621382400
2021-05-20,1621468800000,25270.52,26287.17,24120.55,26287.17,1621468800
2021-05-21,1621555200000,27363.73,27363.73,24193.05,25226.94,1621555200
2021-05-22,1621641600000,29489.94,29523.06,27109.78,27557.61,1621641600
2021-05-23,1621728000000,30840.82,33013.83,27889.96,29303.35,1621728000
2021-05-24,1621814400000,31854.28,34508.7,30009.8,31010.31,1621814400
2021-05-25,1621900800000,31230.54,33295.86,29347.53,32581.38,1621900800
2021-05-26,1621987200000,35153.73,35153.73,30192.07,31010.13,1621987200
2021-05-27,1622073600000,33477.66,35177.1,31111.01,35177.1,1622073600
2021-05-28,1622160000000,36135,36840.5,31285.1,34895.73,1622160000
2021-05-29,1622246400000,37606.4,38464.33,35127.33,36332.28,1622246400
2021-05-30,1622332800000,40470.03,40470.03,36592.18,39097.65,1622332800
2021-05-31,1622419200000,40000.46,40686.79,36695.97,40686.79,1622419200
2021-06-01,1622505600000,37576.1,39696.2,36412.45,39588.02,1622505600
2021-06-02,1622592000000,41352.21,41352.21,37264.13,38680.42,1622592000
2021-06-03,1622678400000,43637.26,43637.26,38956.07,41308.11,1622678400
2021-06-04,1622764800000,42491.02,44542.77,41567.66,43460.2,1622764800
2021-06-05,1622851200000,42387.74,43374.14,40614.98,42962.36,1622851200
2021-06-06,1622937600000,45558.64,46127.5,42247.01,42247.01,1622937600
2021-06-07,1623024000000,45255.21,45885.88,42667.69,45591.64,1623024000
2021-06-08,1623110400000,49784.67,50770.4,45258.89,45258.89,1623110400
2021-06-09,1623196800000,55300.93,55300.93,46331.38,49083.84,1623196800
2021-06-10,1623283200000,49120.43,52910.85,48623.48,52910.85,1623283200
2021-06-11,1623369600000,48330.53,49394.61,46173.74,49394.61,1623369600
2021-06-12,1623456000000,48614,49775.62,47527.87,48115,1623456000
2021-06-13,1623542400000,51506.43,51506.43,47464.78,47888.13,1623542400
2021-06-14,1623628800000,52794.09,53720.5,49806.17,52316.9,1623628800
2021-06-15,1623715200000,52348.35,52817.73,48832.5,52817.73,1623715200
2021-06-16,1623801600000,52288.66,52810.72,49796.86,52394.21,1623801600
2021-06-17,1623888000000,55665.71,55780.35,50774.84,53602.16,1623888000
2021-06-18,1623974400000,54993.99,56464.57,53085.17,55431.06,1623974400
2021-06-19,1624060800000,55872.21,55872.21,50682.33,55580.56,1624060800
2021-06-20,1624147200000,58146.42,58472.39,51946.94,55282.85,1624147200
2021-06-21,1624233600000,51809.74,55994.02,51809.74,54162.45,1624233600
2021-06-22,1624320000000,50771.74,57218.28,50771.74,51083.86,1624320000
2021-06-23,1624406400000,51882.76,56421.48,51627.19,51627.19,1624406400
2021-06-24,1624492800000,55506.34,56073.65,51958.31,52129.37,1624492800
2021-06-25,1624579200000,52967.05,57277.94,52836.33,55519.05,1624579200
2021-06-26,1624665600000,54603.42,56155.88,52462.48,53034.58,1624665600
2021-06-27,1624752000000,55463.66,57477.41,55037.9,55610.05,1624752000
2021-06-28,1624838400000,55031.13,60205.12,55031.13,55625.22,1624838400
2021-06-29,1624924800000,56663.84,60349.26,55049.15,55049.15,1624924800
2021-06-30,1625011200000,54833.73,58081.59,53869.91,56508.15,1625011200
2021-07-01,1625097600000,56205.39,58509.64,54697.09,55110.49,1625097600
2021-07-02,1625184000000,57341.25,59340.58,54875.11,56267.34,1625184000
2021-07-03,1625270400000,59973.45,62524.25,56639.31,56910.7,1625270400
2021-07-04,1625356800000,59726.61,62246.93,59077.78,59271.21,1625356800
2021-07-05,1625443200000,59838.33,64972.06,59270.69,59781.68,1625443200
2021-07-06,1625529600000,57334.74,60738.17,57334.74,59392.4,1625529600
2021-07-07,1625616000000,57596.26,59263.65,57032.19,57434.8,1625616000
2021-07-08,1625702400000,62122.66,64127.84,58030.74,58030.74,1625702400
2021-07-09,1625788800000,62168.91,66413.29,61488.6,62315.02,1625788800
2021-07-10,1625875200000,61796.87,63336.99,59822.32,62092.76,1625875200
2021-07-11,1625961600000,63220.13,65288.85,60821.65,60821.65,1625961600
2021-07-12,1626048000000,60303.65,65591.43,60170.44,62793.99,1626048000
2021-07-13,1626134400000,62524,65458.01,60271.27,60663.37,1626134400
2021-07-14,1626220800000,59893.31,64933.6,59893.31,62753.83,1626220800
2021-07-15,1626307200000,65607.09,66475.17,59261.13,59347.89,1626307200
2021-07-16,1626393600000,62355.82,68007.42,62355.82,64980.39,1626393600
2021-07-17,1626480000000,65737.68,67030.38,61166.51,62410.35,1626480000
2021-07-18,1626566400000,64059.57,69205.56,64059.57,66119.74,1626566400
2021-07-19,1626652800000,71896.02,72905.74,64052.12,64468.45,1626652800
2021-07-20,1626739200000,70473,72585.88,69113.19,72080.15,1626739200
2021-07-21,1626825600000,68583.94,75814.39,68265.28,70265.14,1626825600
2021-07-22,1626912000000,67194.16,70677.4,67069.5,68681.81,1626912000
2021-07-23,1626998400000,68532.84,71620.48,67690.5,67690.5,1626998400
2021-07-24,1627084800000,68674.74,70897.42,67732.43,68639.83,1627084800
2021-07-25,1627171200000,72588.92,72588.92,68516.48,68516.48,1627171200
2021-07-26,1627257600000,53916.55,72269.98,51649.04,72269.98,1627257600
2021-07-27,1627344000000,55030.72,59126.11,52201.26,53717.76,1627344000
2021-07-28,1627430400000,55756.32,58735.33,55390.68,55672.85,1627430400
2021-07-29,1627516800000,57928.93,60008.65,55308.3,55308.3,1627516800
2021-07-30,1627603200000,53640.05,58836.88,52692.48,56591.8,1627603200
2021-07-31,1627689600000,54604.76,57053.54,53749.85,53841.6,1627689600
2021-08-01,1627776000000,52193.25,55980.48,52193.25,54003.15,1627776000
2021-08-02,1627862400000,52594.19,54296.06,49892.01,49941.62,1627862400
2021-08-03,1627948800000,57262.17,57262.17,53303.47,53761.56,1627948800
2021-08-04,1628035200000,55100.59,60641.54,55100.59,57071.59,1628035200
2021-08-05,1628121600000,54511.29,61203.23,53854.64,55181.88,1628121600
2021-08-06,1628208000000,55035.17,57398.99,54879.46,54970.46,1628208000
2021-08-07,1628294400000,52703.65,56247,52703.65,55436.17,1628294400
2021-08-08,1628380800000,53851.25,57075.81,53445.81,54270.67,1628380800
2021-08-09,1628467200000,56622.02,60380.07,52420.86,52420.86,1628467200
2021-08-10,1628553600000,54973.66,57495.95,54871.23,56594.37,1628553600
2021-08-11,1628640000000,56373.78,56490.96,53746.39,54877.56,1628640000
2021-08-12,1628726400000,56555.15,60130.46,56269.95,56362.99,1628726400
2021-08-13,1628812800000,54929.93,59192.32,53492.74,56298.66,1628812800
2021-08-14,1628899200000,55066.79,57902.54,55066.79,55861.83,1628899200
2021-08-15,1628985600000,54135.03,59318.83,54135.03,55445.67,1628985600
2021-08-16,1629072000000,56605.67,58381.83,51415.48,53373.46,1629072000
2021-08-17,1629158400000,57017.01,57595.27,54925.55,56836.08,1629158400
2021-08-18,1629244800000,55317.16,57653.39,55317.16,57342.77,1629244800
2021-08-19,1629331200000,55413.04,58828.32,54311.84,55038.02,1629331200
2021-08-20,1629417600000,58080,59001.99,54713.77,55063.14,1629417600
2021-08-21,1629504000000,58260.52,59510.25,57342.17,58113.57,1629504000
2021-08-22,1629590400000,57202.16,60749.26,57202.16,58564.45,1629590400
2021-08-23,1629676800000,61083.75,62688.01,57158.95,57158.95,1629676800
2021-08-24,1629763200000,62322.04,64077.79,60608.99,60667.28,1629763200
2021-08-25,1629849600000,59735.02,64357.24,59735.02,63301.5,1629849600
2021-08-26,1629936000000,61114.12,64899.22,59049.23,59747.96,1629936000
2021-08-27,1630022400000,58556.89,61734.26,58328.58,60678.23,1630022400
2021-08-28,1630108800000,59744.6,62565.36,58446.6,58446.6,1630108800
2021-08-29,1630195200000,57554.96,59846.64,57222.81,59801.13,1630195200
2021-08-30,1630281600000,59376.2,63299.28,57568.33,57568.33,1630281600
2021-08-31,1630368000000,60964.19,62420.22,57649.21,59597.33,1630368000
2021-09-01,1630454400000,61688.59,62436.86,60691.78,60691.78,1630454400
2021-09-02,1630540800000,64106.67,65740.08,59976.92,60047.49,1630540800
2021-09-03,1630627200000,62144.7,64027.64,60919.28,64027.64,1630627200
2021-09-04,1630713600000,57965.11,61473.89,57965.11,61473.89,1630713600
2021-09-05,1630800000000,62071.8,62071.8,55827.85,57264.06,1630800000
2021-09-06,1630886400000,61567.73,64655.68,61229.03,62507.46,1630886400
2021-09-07,1630972800000,43656.74,63056.49,42445.42,61981.77,1630972800
2021-09-08,1631059200000,45713.95,46898.38,43910.48,43910.48,1631059200
2021-09-09,1631145600000,45196.11,47553.57,44957.79,45560.42,1631145600
2021-09-10,1631232000000,47695.14,50321.21,45115.37,45391.23,1631232000
2021-09-11,1631318400000,47374.32,48943.8,46832.39,47561.07,1631318400
2021-09-12,1631404800000,48717.79,49159.39,47492.2,47492.2,1631404800
2021-09-13,1631491200000,46646.84,52322.18,46478.07,48292.31,1631491200
2021-09-14,1631577600000,48953.78,49925.12,45998.03,46753.76,1631577600
2021-09-15,1631664000000,51230.56,53307.01,49371.46,49371.46,1631664000
2021-09-16,1631750400000,50087.46,51864.2,49506.41,51646.63,1631750400
2021-09-17,1631836800000,50720.1,51584.05,50069.5,50069.5,1631836800
2021-09-18,1631923200000,51723.34,53966.48,50505.39,50505.39,1631923200
2021-09-19,1632009600000,51444.39,52960.92,51103.47,51103.47,1632009600
2021-09-20,1632096000000,48135.79,51967.19,48135.79,51644.44,1632096000
2021-09-21,1632182400000,46332.75,48797.35,45155.62,48797.35,1632182400
2021-09-22,1632268800000,43881.42,47776.86,43864.58,46692.51,1632268800
2021-09-23,1632355200000,46225.54,46376.83,44013.86,44013.86,1632355200
2021-09-24,1632441600000,45934,49449.21,45689.93,46428.22,1632441600
2021-09-25,1632528000000,43831.76,46202.49,43689.73,45175.57,1632528000
2021-09-26,1632614400000,44281.3,47662.48,43913.76,43913.76,1632614400
2021-09-27,1632700800000,44323.63,46446.66,44240.47,44240.47,1632700800
2021-09-28,1632787200000,46820.58,48472.34,43459.93,43992.1,1632787200
2021-09-29,1632873600000,48168.44,48168.44,45325,45711.54,1632873600
2021-09-30,1632960000000,47568.36,48641.27,45345.84,48155.51,1632960000
2021-10-01,1633046400000,50558.68,56421.05,47917.6,47917.6,1633046400
2021-10-02,1633132800000,49631.67,50847.98,48902.88,50847.98,1633132800
2021-10-03,1633219200000,47963.96,50703.09,47963.96,49865.48,1633219200
2021-10-04,1633305600000,48121.2,48510.22,46661.62,48050.6,1633305600
2021-10-05,1633392000000,52457.38,53605.35,47978.21,48042.67,1633392000
2021-10-06,1633478400000,49644.17,54975.41,49644.17,52761.47,1633478400
2021-10-07,1633564800000,52133.13,52677.55,49474.74,50053.28,1633564800
2021-10-08,1633651200000,50839.8,52916.54,50639.19,52131.08,1633651200
2021-10-09,1633737600000,51282.87,51470.68,50798.8,50945.96,1633737600
2021-10-10,1633824000000,51667.94,52815.72,50988.62,50988.62,1633824000
2021-10-11,1633910400000,54545.81,54657.11,51395.04,52509.22,1633910400
2021-10-12,1633996800000,52065.15,55432.26,51928.67,54294.54,1633996800
2021-10-13,1634083200000,48844.47,52649.16,48396.39,51250.25,1634083200
2021-10-14,1634169600000,50399.27,51176.23,48767.28,48767.28,1634169600
2021-10-15,1634256000000,53145.58,55399.26,50306.01,50462.43,1634256000
2021-10-16,1634342400000,54258.73,54685.2,52056.59,52841.69,1634342400
2021-10-17,1634428800000,53323.95,56003.18,53323.95,54166.95,1634428800
2021-10-18,1634515200000,51800.03,54486.17,51737.07,53226.06,1634515200
2021-10-19,1634601600000,55415.63,55661.33,51728.67,51778.17,1634601600
2021-10-20,1634688000000,57034.55,57034.55,55250.64,55541.36,1634688000
2021-10-21,1634774400000,54540.12,57817.21,54323.15,56970.43,1634774400
2021-10-22,1634860800000,56293.54,56293.54,54787.94,55172.59,1634860800
2021-10-23,1634947200000,56148.58,57565.01,54136.77,55896.4,1634947200
2021-10-24,1635033600000,57985.22,57985.22,54685.47,55486.66,1635033600
2021-10-25,1635120000000,56209.98,58698.69,55149.7,58698.69,1635120000
2021-10-26,1635206400000,57208.11,57208.11,55061.42,56813.34,1635206400
2021-10-27,1635292800000,56233.62,58750.4,54693.74,56388.35,1635292800
2021-10-28,1635379200000,55439.88,56420.45,51780.44,56420.45,1635379200
2021-10-29,1635465600000,52276.48,55079.65,51401.06,55079.65,1635465600
2021-10-30,1635552000000,52044.4,53001.2,51999.92,52420.9,1635552000
2021-10-31,1635638400000,55443.09,55976.38,51348.73,51807.63,1635638400
2021-11-01,1635724800000,54997.27,55287.39,54289.03,55287.39,1635724800
2021-11-02,1635811200000,54992.54,55623.7,53607.89,53643.36,1635811200
2021-11-03,1635897600000,52726.94,55928.87,52726.94,55092.91,1635897600
2021-11-04,1635984000000,55812.64,56242.82,53160.24,53160.24,1635984000
2021-11-05,1636070400000,56644.65,56977.32,54252.55,55570.71,1636070400
2021-11-06,1636156800000,57012.31,59578.32,56757.86,57014.93,1636156800
2021-11-07,1636243200000,55639.31,56990.76,55251.82,56990.76,1636243200
2021-11-08,1636329600000,59600.31,60655.41,56809.8,56809.8,1636329600
2021-11-09,1636416000000,60011.97,61483.04,59539.94,60108.13,1636416000
2021-11-10,1636502400000,56714.98,62111.53,56626.5,59977.96,1636502400
2021-11-11,1636588800000,54806.62,57158.76,54806.62,57158.76,1636588800
2021-11-12,1636675200000,57761.73,60225.98,55066.61,55066.61,1636675200
2021-11-13,1636761600000,57120.34,58969.11,57078.53,57895.76,1636761600
2021-11-14,1636848000000,57945.16,59229.25,56728.46,57136.71,1636848000
2021-11-15,1636934400000,61860.82,62189.05,57698.82,57698.82,1636934400
2021-11-16,1637020800000,60545.16,65414.53,60514.63,62331.63,1637020800
2021-11-17,1637107200000,59652.73,63989.06,59652.73,60592.17,1637107200
2021-11-18,1637193600000,60595.16,62815.74,59782.67,59782.67,1637193600
2021-11-19,1637280000000,59198.25,61542.64,59198.25,61129.34,1637280000
2021-11-20,1637366400000,57407.45,59269.59,56984.18,59046.81,1637366400
2021-11-21,1637452800000,56257.07,57502.44,56257.07,57200.87,1637452800
2021-11-22,1637539200000,60023.35,60284.08,56240.75,56240.75,1637539200
2021-11-23,1637625600000,60393.27,61848.23,59800.27,60535.52,1637625600
2021-11-24,1637712000000,62832.42,62832.42,59378.92,60228.71,1637712000
2021-11-25,1637798400000,60892.08,61878.37,60103.56,61878.37,1637798400
2021-11-26,1637884800000,67965.48,67965.48,60805.33,60828.88,1637884800
2021-11-27,1637971200000,64225.13,67569.34,64225.13,67443.66,1637971200
2021-11-28,1638057600000,63984.02,64409.88,63140.84,64249.5,1638057600
2021-11-29,1638144000000,61516.2,64948.17,60615.85,63994.57,1638144000
2021-11-30,1638230400000,60962.21,61947.9,59357.49,61548.24,1638230400
2021-12-01,1638316800000,61029.32,61441.71,59240.98,60734.24,1638316800
2021-12-02,1638403200000,60494.6,61769.22,59928.42,61248.54,1638403200
2021-12-03,1638489600000,61609.63,61609.63,59752.78,60310.61,1638489600
2021-12-04,1638576000000,41688.83,66683.84,41688.83,64730.54,1638576000
2021-12-05,1638662400000,42295.56,42295.56,39548.09,41629.33,1638662400
2021-12-06,1638748800000,39385.5,40975.58,39385.5,40975.58,1638748800
2021-12-07,1638835200000,40068.57,40187.2,37499.42,39558.97,1638835200
2021-12-08,1638921600000,40135.6,41894.68,38992.7,40536.61,1638921600
2021-12-09,1639008000000,41432.32,41432.32,38977.02,39510.15,1639008000
2021-12-10,1639094400000,40343.7,43106.34,40343.7,42314.57,1639094400
2021-12-11,1639180800000,39424.98,40443.34,38728.82,39605.9,1639180800
2021-12-12,1639267200000,43745.38,43745.38,39639.11,39639.11,1639267200
2021-12-13,1639353600000,43540.52,44092.14,42000.87,43712.22,1639353600
2021-12-14,1639440000000,43053.67,45485.47,42707.5,44152.87,1639440000
2021-12-15,1639526400000,44656.29,44656.29,42377.65,42663.78,1639526400
2021-12-16,1639612800000,47529.3,48360.6,43704.45,44654.1,1639612800
2021-12-17,1639699200000,50154.3,52220.3,47232.52,47565.88,1639699200
2021-12-18,1639785600000,53077.44,53082.05,50631.42,50631.42,1639785600
2021-12-19,1639872000000,56254.77,57326.06,53207.85,53207.85,1639872000
2021-12-20,1639958400000,61379.55,62145.48,56055.48,56055.48,1639958400
2021-12-21,1640044800000,69944.95,69944.95,61829.91,61829.91,1640044800
2021-12-22,1640131200000,73129.09,73145.78,70070.78,70188.43,1640131200
2021-12-23,1640217600000,73756.43,74352.67,72845.01,73262.05,1640217600
2021-12-24,1640304000000,72144.12,74008.84,72144.12,73406.41,1640304000
2021-12-25,1640390400000,73533.37,74118.19,72638.83,72638.83,1640390400
2021-12-26,1640476800000,72496.89,74557,72479.06,73824.38,1640476800
2021-12-27,1640563200000,73643.64,76030.67,72113.25,72297.03,1640563200
2021-12-28,1640649600000,74180.52,74655.27,72282.54,73752.22,1640649600
2021-12-29,1640736000000,74414.11,75956.15,74150.09,74212.41,1640736000
2021-12-30,1640822400000,71998.25,73343.93,71998.25,72958.02,1640822400
2021-12-31,1640908800000,74834.52,74913.78,71372.17,71883.2,1640908800
2022-01-01,1640995200000,72962.69,74951.61,72962.69,74790.17,1640995200
2022-01-02,1641081600000,73253.27,74434.53,72403.84,72970.65,1641081600
2022-01-03,1641168000000,80252.71,80416.21,73297.81,73297.81,1641168000
2022-01-04,1641254400000,80680.34,81233.38,78564.04,79508.43,1641254400
2022-01-05,1641340800000,77464.77,82551.68,77464.77,81155.76,1641340800
2022-01-06,1641427200000,79111.99,80715.11,77486.06,77849.14,1641427200
2022-01-07,1641513600000,76709.96,80081.26,76709.96,79293.45,1641513600
2022-01-08,1641600000000,76665.62,79065.97,76242.58,76606.49,1641600000
2022-01-09,1641686400000,77054.09,78149.1,76397.66,76397.66,1641686400
2022-01-10,1641772800000,75711.84,79932.85,75124.4,76158.66,1641772800
2022-01-11,1641859200000,77495.98,78120.3,75911.41,76545.61,1641859200
2022-01-12,1641945600000,77606.04,78624.5,77304.77,77366.21,1641945600
2022-01-13,1642032000000,77056.29,77959.09,76401.03,77460.52,1642032000
2022-01-14,1642118400000,74697.45,77900.91,74697.45,76819.76,1642118400
2022-01-15,1642204800000,75834.23,76667.59,74265.22,74477.32,1642204800
2022-01-16,1642291200000,73760.24,75655.83,73760.24,75222.89,1642291200
2022-01-17,1642377600000,75850.49,77112.37,73657.01,73704.83,1642377600
2022-01-18,1642464000000,74721.95,77543.58,74721.95,75761.22,1642464000
2022-01-19,1642550400000,75519.07,77628.95,73850.67,74731.9,1642550400
2022-01-20,1642636800000,75835.37,81373.69,75402.23,75402.23,1642636800
2022-01-21,1642723200000,72037.35,77470.1,72037.35,76573.97,1642723200
2022-01-22,1642809600000,73153.93,74654.99,70801.58,71838.26,1642809600
2022-01-23,1642896000000,74062.74,74918.48,72757.16,73109.34,1642896000
2022-01-24,1642982400000,72987.46,77101.26,72441.3,74129.9,1642982400
2022-01-25,1643068800000,76096.42,77686.36,73101.05,73101.05,1643068800
2022-01-26,1643155200000,74714.38,79968.41,74714.38,76066.47,1643155200
2022-01-27,1643241600000,71924.59,74623.87,71924.59,73869.55,1643241600
2022-01-28,1643328000000,74240.15,74240.15,71644.5,72375.28,1643328000
2022-01-29,1643414400000,76528.87,77083.17,74255.73,74255.73,1643414400
2022-01-30,1643500800000,77272.44,77329.39,76022.84,76314.3,1643500800
2022-01-31,1643587200000,82877.97,82983.55,77273.59,77273.59,1643587200
2022-02-01,1643673600000,78495.5,82927.34,78400.52,82927.34,1643673600
2022-02-02,1643760000000,77467.03,80058.26,77020.67,78617.24,1643760000
2022-02-03,1643846400000,78159.37,79477.72,77766.55,78030.28,1643846400
2022-02-04,1643932800000,83311.71,83529.63,77749.24,77749.24,1643932800
2022-02-05,1644019200000,81784.04,81841.03,80349.69,81530.34,1644019200
2022-02-06,1644105600000,80930.81,82464.24,80735.28,81260.34,1644105600
2022-02-07,1644192000000,78230.35,80631.34,78181.03,80507.62,1644192000
2022-02-08,1644278400000,73091.5,78636.4,73091.5,78140.1,1644278400
2022-02-09,1644364800000,74630.43,74873.19,71727.6,72958.57,1644364800
2022-02-10,1644451200000,72406.01,79830.75,72406.01,74616.64,1644451200
2022-02-11,1644537600000,71861.78,74149.09,70821.4,71883.66,1644537600
2022-02-12,1644624000000,72700.98,75030.5,72597.01,72597.01,1644624000
2022-02-13,1644710400000,71902.29,74310.07,71902.29,72534.31,1644710400
2022-02-14,1644796800000,73816.24,76109.46,71699.48,71699.48,1644796800
2022-02-15,1644883200000,77067.98,79172.71,73552.78,74210.39,1644883200
2022-02-16,1644969600000,76841.59,77815.54,75052.16,76127.39,1644969600
2022-02-17,1645056000000,74868.78,76674.67,74665.85,76661.45,1645056000
2022-02-18,1645142400000,73132.49,75644.58,73042.86,74877.69,1645142400
2022-02-19,1645228800000,75898.95,77388.12,73257.8,73309.21,1645228800
2022-02-20,1645315200000,75101.58,77475.53,75101.58,76070.63,1645315200
2022-02-21,1645401600000,72244.78,76759.28,71934.37,73683.85,1645401600
2022-02-22,1645488000000,75018.66,75779.25,72739.54,72902.04,1645488000
2022-02-23,1645574400000,73009.36,75005.55,72997.92,74823.05,1645574400
2022-02-24,1645660800000,65878.47,75094.68,65878.47,72851.33,1645660800
2022-02-25,1645747200000,67682.03,69238.8,65535.25,66003.49,1645747200
2022-02-26,1645833600000,67506.76,68922.57,67231.9,67515.26,1645833600
2022-02-27,1645920000000,65513.51,70034.59,65184.56,67245.85,1645920000
2022-02-28,1646006400000,68121.63,74001.91,65861.24,65861.24,1646006400
2022-03-01,1646092800000,70583.18,74549.19,68824.5,68824.5,1646092800
2022-03-02,1646179200000,72849.02,73619.51,70661.85,70661.97,1646179200
2022-03-03,1646265600000,74716.31,75412.6,72680.6,72846.06,1646265600
2022-03-04,1646352000000,74996.29,77000.98,74655.39,74655.39,1646352000
2022-03-05,1646438400000,76043.07,76483.77,74905.38,75145.09,1646438400
2022-03-06,1646524800000,73096.64,76467.96,73096.64,75991.24,1646524800
2022-03-07,1646611200000,69688.71,76009.09,69688.71,72404.83,1646611200
2022-03-08,1646697600000,69211.49,72324.43,69211.49,69246.76,1646697600
2022-03-09,1646784000000,72414.89,73807.6,69019.49,69185.86,1646784000
2022-03-10,1646870400000,69698.52,72703.51,69327.78,72189.11,1646870400
2022-03-11,1646956800000,70079.48,71814.46,69587.67,70113.52,1646956800
2022-03-12,1647043200000,71878.68,72816.52,69538.27,70077.4,1647043200
2022-03-13,1647129600000,73993.34,76596.92,71509.36,71706.76,1647129600
2022-03-14,1647216000000,72951.49,77348.51,72951.49,75679.76,1647216000
2022-03-15,1647302400000,75407.78,75526.04,72210.49,74133.56,1647302400
2022-03-16,1647388800000,74319.82,75400.12,70729.76,75400.12,1647388800
2022-03-17,1647475200000,74376.68,74989.75,73571.38,74084.85,1647475200
2022-03-18,1647561600000,76274.1,76856.69,72812.36,74583.99,1647561600
2022-03-19,1647648000000,76672.06,76876.42,75229.42,76241.81,1647648000
2022-03-20,1647734400000,75814.5,77661.72,74664.41,77424.12,1647734400
2022-03-21,1647820800000,73335.17,76138.88,73328.13,75291.16,1647820800
2022-03-22,1647907200000,75153.02,78159.68,72959.16,72959.16,1647907200
2022-03-23,1647993600000,73349.37,75242.27,72989.78,74498.23,1647993600
2022-03-24,1648080000000,80728.65,81377.32,72498.1,72498.1,1648080000
2022-03-25,1648166400000,79843.58,83121.48,79625.29,80416.67,1648166400
2022-03-26,1648252800000,79602.01,80638.02,79476.02,79747.24,1648252800
2022-03-27,1648339200000,79500.66,83685.08,79481.31,79644.59,1648339200
2022-03-28,1648425600000,77724.78,80215.68,77355.53,80215.68,1648425600
2022-03-29,1648512000000,76786.48,78437.61,76580.2,76655.83,1648512000
2022-03-30,1648598400000,76732.82,78478.51,76035.95,76540.18,1648598400
2022-03-31,1648684800000,74387.05,76512.41,74387.05,76512.41,1648684800
2022-04-01,1648771200000,73351.41,76958.65,73351.41,74404.87,1648771200
2022-04-02,1648857600000,72082.48,73327.68,71597.77,73327.68,1648857600
2022-04-03,1648944000000,71849.93,72468.75,71390.76,71705.54,1648944000
2022-04-04,1649030400000,73743.07,76358.28,71796.88,71796.88,1649030400
2022-04-05,1649116800000,77458.22,78362.46,73079.67,73368.89,1649116800
2022-04-06,1649203200000,81062.07,81582.62,76050.37,76713.63,1649203200
2022-04-07,1649289600000,81123.01,81924.6,80699.53,81546.56,1649289600
2022-04-08,1649376000000,82290.3,83746.98,80488.95,80840.58,1649376000
2022-04-09,1649462400000,83337.46,83592.65,82242.48,82601.92,1649462400
2022-04-10,1649548800000,83990.75,85122.06,83174.79,83174.79,1649548800
2022-04-11,1649635200000,84728.97,90077.97,84037.94,84353.02,1649635200
2022-04-12,1649721600000,84332.62,85617.24,83189.6,84318.04,1649721600
2022-04-13,1649808000000,80708.17,84190.68,80504.13,83397.88,1649808000
2022-04-14,1649894400000,82768.35,82947.72,79862.04,79862.04,1649894400
2022-04-15,1649980800000,81727.85,84373.93,81727.85,82776.87,1649980800
2022-04-16,1650067200000,81490.05,82671.11,80903.8,81442.75,1650067200
2022-04-17,1650153600000,82028.36,83129.46,81334.89,81401.91,1650153600
2022-04-18,1650240000000,79264.36,87157.73,79264.36,83546.85,1650240000
2022-04-19,1650326400000,79746.97,80831.42,78515.29,79368.85,1650326400
2022-04-20,1650412800000,79868.13,82501.38,79642.27,79691.13,1650412800
2022-04-21,1650499200000,79983.98,83237.16,79983.98,80054.16,1650499200
2022-04-22,1650585600000,85245.73,85515.54,80436.29,80528.84,1650585600
2022-04-23,1650672000000,86739.61,86739.61,84988.26,84988.26,1650672000
2022-04-24,1650758400000,85871.26,87651.36,85548.19,86183.23,1650758400
2022-04-25,1650844800000,82333.48,88201.64,82333.48,85793.96,1650844800
2022-04-26,1650931200000,87746.05,87746.05,81032.29,82016.86,1650931200
2022-04-27,1651017600000,82388.6,89138.39,81804.19,86767.64,1651017600
2022-04-28,1651104000000,79613.88,82738.07,79613.88,82395.87,1651104000
2022-04-29,1651190400000,83152.93,83152.93,77751.39,79104.79,1651190400
2022-04-30,1651276800000,84104.34,84325.4,82824.25,83152.91,1651276800
2022-05-01,1651363200000,82342.05,85827.9,82342.05,85169.95,1651363200
2022-05-02,1651449600000,80924.05,82572.88,79179.73,82572.88,1651449600
2022-05-03,1651536000000,90917.68,90917.68,80785.07,80785.07,1651536000
2022-05-04,1651622400000,82753.77,91500.27,82198.95,91109.72,1651622400
2022-05-05,1651708800000,90027.95,91564.86,82803.09,82803.09,1651708800
2022-05-06,1651795200000,88944.84,90606.32,88216,89936.81,1651795200
2022-05-07,1651881600000,91254.13,92061.93,89381.83,89381.83,1651881600
2022-05-08,1651968000000,88976.73,94438.69,88976.73,91197.31,1651968000
2022-05-09,1652054400000,86004.88,93958.21,85757.55,89155.09,1652054400
2022-05-10,1652140800000,82563.04,85462.58,81855.56,85462.58,1652140800
2022-05-11,1652227200000,76888.31,82308.65,75544.67,81119.29,1652227200
2022-05-12,1652313600000,72520.27,78347.53,72008.54,77773.25,1652313600
2022-05-13,1652400000000,76833.08,77309.34,71382.74,71382.74,1652400000
2022-05-14,1652486400000,70542.24,76044.85,70542.24,76044.85,1652486400
2022-05-15,1652572800000,72056.47,76156.12,70208.27,70208.27,1652572800
2022-05-16,1652659200000,74724.08,76703.11,72714.6,72714.6,1652659200
2022-05-17,1652745600000,72805.53,79663.27,72805.53,74363.05,1652745600
2022-05-18,1652832000000,78305.95,78684.98,72870.15,72870.15,1652832000
2022-05-19,1652918400000,84750.38,84948.82,77455.1,77989.65,1652918400
2022-05-20,1653004800000,80475.45,87003.68,80460.83,85786.3,1653004800
2022-05-21,1653091200000,79410.7,82665.48,79410.7,81266.85,1653091200
2022-05-22,1653177600000,83156.18,85775.51,79084.35,79110.38,1653177600
2022-05-23,1653264000000,81022.22,88503.47,80486.44,83648.62,1653264000
2022-05-24,1653350400000,83922.13,88133.42,82306.34,82306.34,1653350400
2022-05-25,1653436800000,79104.81,83124.49,78948.5,82723.23,1653436800
2022-05-26,1653523200000,82588.05,86039.42,79455.5,79569.85,1653523200
2022-05-27,1653609600000,82515.4,85184.75,80506.78,81974.09,1653609600
2022-05-28,1653696000000,82114.24,83459.77,81350.5,82591.13,1653696000
2022-05-29,1653782400000,85684.79,88307.84,81354.88,81611.05,1653782400
2022-05-30,1653868800000,88139.34,93644.92,86117.19,86147.29,1653868800
2022-05-31,1653955200000,87626.68,91042.64,87436.48,87436.48,1653955200
2022-06-01,1654041600000,83490.95,90117.08,83490.95,87997.36,1654041600
2022-06-02,1654128000000,85166.31,87279.34,82472.17,83552.77,1654128000
2022-06-03,1654214400000,84098.71,86739.21,84098.71,84362.21,1654214400
2022-06-04,1654300800000,82484.27,84807.43,82484.27,83718.93,1654300800
2022-06-05,1654387200000,82780.6,83436.87,82245.45,82547.83,1654387200
2022-06-06,1654473600000,95749.19,95749.19,82936.02,82950.9,1654473600
2022-06-07,1654560000000,84417.75,95818.72,82276.79,95818.72,1654560000
2022-06-08,1654646400000,79772.94,89447.04,79772.94,86334.93,1654646400
2022-06-09,1654732800000,84093.25,84914.52,79846.7,79846.7,1654732800
2022-06-10,1654819200000,88099.24,88861.8,81901.1,84610.76,1654819200
2022-06-11,1654905600000,89731.33,90979.36,87977.94,87977.94,1654905600
2022-06-12,1654992000000,85093.01,90572.17,85093.01,89758.28,1654992000
2022-06-13,1655078400000,82305.3,85993.87,81488.44,85993.87,1655078400
2022-06-14,1655164800000,84263.4,84982.78,81918.23,82725.93,1655164800
2022-06-15,1655251200000,83658.18,90704.54,82256.87,83843.67,1655251200
2022-06-16,1655337600000,87859.73,89926.43,83837.79,84168.33,1655337600
2022-06-17,1655424000000,93450.45,93450.45,88252.38,90017.85,1655424000
2022-06-18,1655510400000,89657.6,97906.02,89657.6,94190.27,1655510400
2022-06-19,1655596800000,91113.19,98601.11,90426.22,90426.22,1655596800
2022-06-20,1655683200000,91377.58,95518.7,90763.36,91098.04,1655683200
2022-06-21,1655769600000,94601.86,98251.75,91896.77,91896.77,1655769600
2022-06-22,1655856000000,93876.64,96910.95,93156,93530.57,1655856000
2022-06-23,1655942400000,94761.12,98093.21,92680.81,94112.32,1655942400
2022-06-24,1656028800000,95531.8,99686.34,95531.8,95869.12,1656028800
2022-06-25,1656115200000,99669.49,101800.86,94732.35,95134.51,1656115200
2022-06-26,1656201600000,96167.29,102788.45,96167.29,100852.91,1656201600
2022-06-27,1656288000000,96309.41,100346.48,96223.11,96720.99,1656288000
2022-06-28,1656374400000,98768.05,103895.05,96146.88,96146.88,1656374400
2022-06-29,1656460800000,98843.69,104888.89,98711.74,99033.99,1656460800
2022-06-30,1656547200000,97993.97,102761.62,97469.43,98207.56,1656547200
2022-07-01,1656633600000,90873.42,93484.13,90255.65,93484.13,1656633600
2022-07-02,1656720000000,93733.9,93733.9,90767.54,90767.54,1656720000
2022-07-03,1656806400000,94770.48,96393.43,91609.44,93971.56,1656806400
2022-07-04,1656892800000,102468.66,105291.08,94488.01,94488.01,1656892800
2022-07-05,1656979200000,100006.23,103985,96065.94,102254.53,1656979200
2022-07-06,1657065600000,101960.68,102369.02,100056.4,100056.4,1657065600
2022-07-07,1657152000000,115540.11,115762.12,102776.68,102776.68,1657152000
2022-07-08,1657238400000,109681.79,117379.11,106336.9,116374.16,1657238400
2022-07-09,1657324800000,109868.4,111224.35,108632.84,109532.92,1657324800
2022-07-10,1657411200000,104269.64,110882.88,104269.64,109344.8,1657411200
2022-07-11,1657497600000,104174.27,105674.9,103594.79,104424.77,1657497600
2022-07-12,1657584000000,106770.32,111461.98,104889.98,105030.91,1657584000
2022-07-13,1657670400000,108422.81,110311.53,106566.33,106566.33,1657670400
2022-07-14,1657756800000,109526.82,110348.65,104691.23,104691.23,1657756800
2022-07-15,1657843200000,112462.34,114739.39,107751.44,109456.11,1657843200
2022-07-16,1657929600000,111980.8,115700.92,111446.87,112338.15,1657929600
2022-07-17,1658016000000,112592.43,118671.63,111421.31,111480.3,1658016000
2022-07-18,1658102400000,109930.26,121440.4,109930.26,112548.76,1658102400
2022-07-19,1658188800000,119809.32,125802.02,106969.46,109225.78,1658188800
2022-07-20,1658275200000,112912.07,122560.32,112514.84,119220.32,1658275200
2022-07-21,1658361600000,112874.48,117280.06,111529.57,112353.86,1658361600
2022-07-22,1658448000000,117276.03,118444.53,112478.19,112587.08,1658448000
2022-07-23,1658534400000,118165.83,122716.83,117090.72,117090.72,1658534400
2022-07-24,1658620800000,115582.54,117862.46,115363.31,117862.46,1658620800
2022-07-25,1658707200000,110747.78,115930.98,110747.78,115586.56,1658707200
2022-07-26,1658793600000,113302.02,114623.59,107634.17,109872.13,1658793600
2022-07-27,1658880000000,113353.56,115706.69,110079.88,111245.76,1658880000
2022-07-28,1658966400000,113765.9,114352.75,110539.64,113894.78,1658966400
2022-07-29,1659052800000,114379.32,117290.58,113430.14,113430.14,1659052800
2022-07-30,1659139200000,116942.15,124741.02,113016.12,113354.73,1659139200
2022-07-31,1659225600000,114054.43,117333.55,113060.09,116941.3,1659225600
2022-08-01,1659312000000,114502.35,118032.83,113423.83,113423.83,1659312000
2022-08-02,1659398400000,112422.8,115415.11,110586.27,112124.31,1659398400
2022-08-03,1659484800000,115667.31,122979.11,111016.27,112133.66,1659484800
2022-08-04,1659571200000,112394.69,114745.66,111398.33,114745.66,1659571200
2022-08-05,1659657600000,106953.43,113196.19,106953.43,112004,1659657600
2022-08-06,1659744000000,110123.08,111187.25,106828.23,106828.23,1659744000
2022-08-07,1659830400000,111816.37,111816.37,109766.91,110106.2,1659830400
2022-08-08,1659916800000,118222.9,124592.81,109815.77,109890.8,1659916800
2022-08-09,1660003200000,115976.68,117778.88,114832.79,117778.88,1660003200
2022-08-10,1660089600000,112315.82,117196.33,110503.28,115884.93,1660089600
2022-08-11,1660176000000,116946.94,123085.45,112007.74,112007.74,1660176000
2022-08-12,1660262400000,117169.05,118878.31,114177.18,116989.98,1660262400
2022-08-13,1660348800000,120361.67,121962.43,116161.81,116161.81,1660348800
2022-08-14,1660435200000,113382.31,124354.67,113382.31,119898.95,1660435200
2022-08-15,1660521600000,109824.12,119082.66,109591.22,114185.59,1660521600
2022-08-16,1660608000000,109105.79,111053.62,107319.78,108433.94,1660608000
2022-08-17,1660694400000,116908.7,116908.7,108333.85,109268.01,1660694400
2022-08-18,1660780800000,116576.94,118217.4,115980.44,117196.24,1660780800
2022-08-19,1660867200000,108492.46,119066.1,107146.47,116316.98,1660867200
2022-08-20,1660953600000,108722.62,113043.61,108424.29,109087.12,1660953600
2022-08-21,1661040000000,110049.68,111688.14,108396.94,108396.94,1661040000
2022-08-22,1661126400000,109395.98,111373.97,107185.51,109425.04,1661126400
2022-08-23,1661212800000,110678.7,113518.3,107815.55,108769.07,1661212800
2022-08-24,1661299200000,111831.33,115012.53,109576.67,110071.44,1661299200
2022-08-25,1661385600000,111642.4,114286.96,109315.55,111424.8,1661385600
2022-08-26,1661472000000,120973.03,120973.03,111320.09,111690.6,1661472000
2022-08-27,1661558400000,119047.64,119325.52,116741.88,117182.79,1661558400
2022-08-28,1661644800000,119194.49,120482.34,117822.77,119342.26,1661644800
2022-08-29,1661731200000,120719.29,123278.16,118027.61,118027.61,1661731200
2022-08-30,1661817600000,121636.7,127159.2,117562.91,120095.08,1661817600
2022-08-31,1661904000000,112248.24,121630.87,112248.24,121372.87,1661904000
2022-09-01,1661990400000,118105.2,125953.43,111332.05,112589.97,1661990400
2022-09-02,1662076800000,115338.08,120458.73,114923.25,117919.22,1662076800
2022-09-03,1662163200000,126517.25,126805.52,114630.91,114846.49,1662163200
2022-09-04,1662249600000,124138.91,134668.71,124117.57,126310.83,1662249600
2022-09-05,1662336000000,127642.35,133491.22,122067.29,122304.16,1662336000
2022-09-06,1662422400000,131434.4,136427.98,122543.04,128408.82,1662422400
2022-09-07,1662508800000,122992.62,135906.16,122791.12,131636.35,1662508800
2022-09-08,1662595200000,119257.49,122769.88,119257.49,122041.91,1662595200
2022-09-09,1662681600000,138141.97,139030.74,119472.68,119472.68,1662681600
2022-09-10,1662768000000,137427.95,141074.8,136083.2,136083.2,1662768000
2022-09-11,1662854400000,141539.99,141959.38,137178.47,138016.62,1662854400
2022-09-12,1662940800000,144866.6,146494.26,136006.52,142664.32,1662940800
2022-09-13,1663027200000,122455.42,146052.32,122000.24,145393.68,1663027200
2022-09-14,1663113600000,117612.57,122893.35,117612.57,122080.12,1663113600
2022-09-15,1663200000000,118173.51,118876.89,116575.08,117434.29,1663200000
2022-09-16,1663286400000,122121.74,122279.58,118537.69,118537.69,1663286400
2022-09-17,1663372800000,124953.83,126002.14,122212.67,122385.28,1663372800
2022-09-18,1663459200000,124160.78,126565.53,122025.76,124934.74,1663459200
2022-09-19,1663545600000,116203.67,125017.37,114182.02,124798.3,1663545600
2022-09-20,1663632000000,116044.21,120817.95,115669.72,115717.22,1663632000
2022-09-21,1663718400000,113895.21,122384.94,112446.25,115846.46,1663718400
2022-09-22,1663804800000,121219.21,121690.84,114668.33,114668.33,1663804800
2022-09-23,1663891200000,117966.3,126944.8,117966.3,122071.32,1663891200
2022-09-24,1663977600000,120124.41,122803.56,117262.13,117262.13,1663977600
2022-09-25,1664064000000,121452,121696.67,118644.75,120208.32,1664064000
2022-09-26,1664150400000,127245.43,128400.4,121048.25,121930.76,1664150400
2022-09-27,1664236800000,128441.7,148707.93,127692.36,128304.37,1664236800
2022-09-28,1664323200000,130413.18,134753.88,128300.16,128831.46,1664323200
2022-09-29,1664409600000,130554.6,132247.18,126536.22,130822,1664409600
2022-09-30,1664496000000,126564.32,149993.82,126564.32,132495.77,1664496000
2022-10-01,1664582400000,126113.02,127213.07,125155.1,125456.88,1664582400
2022-10-02,1664668800000,129859.39,130085.13,125209.08,126171.28,1664668800
2022-10-03,1664755200000,135376.77,135376.77,126357.11,126610.74,1664755200
2022-10-04,1664841600000,166242.24,166242.24,135573.38,135574.75,1664841600
2022-10-05,1664928000000,159263.76,167250.46,158824,166109.08,1664928000
2022-10-06,1665014400000,157799.15,167664.07,156996.55,159174.94,1665014400
2022-10-07,1665100800000,146816.03,156749.81,146816.03,156621.29,1665100800
2022-10-08,1665187200000,145092.14,146534.58,142919.37,146534.58,1665187200
2022-10-09,1665273600000,145405.55,147062.7,144437.33,144437.33,1665273600
2022-10-10,1665360000000,151403.15,153600.43,144935.79,145405.58,1665360000
2022-10-11,1665446400000,155696.4,157681.03,151202.94,151688.5,1665446400
2022-10-12,1665532800000,151706.74,157721.23,151706.74,156139.89,1665532800
2022-10-13,1665619200000,152343.5,159316.46,149834.54,151050.97,1665619200
2022-10-14,1665705600000,146841.28,156914.56,146766.6,153088.73,1665705600
2022-10-15,1665792000000,149518.45,150677.88,146129.73,146417.85,1665792000
2022-10-16,1665878400000,143130.32,149245.49,142929.44,148589.08,1665878400
2022-10-17,1665964800000,156117.07,157428.05,142991.25,142991.25,1665964800
2022-10-18,1666051200000,152717.44,165481.08,152095.6,156452.75,1666051200
2022-10-19,1666137600000,153595.58,156798.81,152649.72,152649.72,1666137600
2022-10-20,1666224000000,155859.55,155859.55,151025.3,154013.4,1666224000
2022-10-21,1666310400000,150300.46,160977.24,150281.5,156767.99,1666310400
2022-10-22,1666396800000,150559.93,151184.54,148807.15,150110.76,1666396800
2022-10-23,1666483200000,160135.03,160175.12,150104.09,150580.05,1666483200
2022-10-24,1666569600000,146376.13,161105.74,146191.16,161041.45,1666569600
2022-10-25,1666656000000,164111.18,169915.26,146234.44,146293.73,1666656000
2022-10-26,1666742400000,167239.71,170201.72,164610.42,164610.42,1666742400
2022-10-27,1666828800000,152304.6,166932.49,152304.6,166690.46,1666828800
2022-10-28,1666915200000,146740.75,151942.79,146245.19,151942.79,1666915200
2022-10-29,1667001600000,153087.9,153727.13,147033.13,147033.13,1667001600
2022-10-30,1667088000000,145073.18,152876.19,145073.18,152876.19,1667088000
2022-10-31,1667174400000,134526.3,145496.99,134526.3,144061.94,1667174400
2022-11-01,1667260800000,135154.31,137842.52,133583.61,134366.02,1667260800
2022-11-02,1667347200000,130220.43,135160.2,130193.73,135160.2,1667347200
2022-11-03,1667433600000,129625.51,132354.12,127474.51,129815.54,1667433600
2022-11-04,1667520000000,141313.19,147777.41,129361.14,129505.71,1667520000
2022-11-05,1667606400000,148327.66,149633.28,141342.82,142073.56,1667606400
2022-11-06,1667692800000,141653.97,148182.82,141653.97,147881.11,1667692800
2022-11-07,1667779200000,129752.86,139570.65,129752.86,139297.35,1667779200
2022-11-08,1667865600000,121119.49,132842.44,121101.83,130210.41,1667865600
2022-11-09,1667952000000,131357.46,134236.47,118978.63,120003.52,1667952000
2022-11-10,1668038400000,122684.34,134098.51,122684.34,132261.75,1668038400
2022-11-11,1668124800000,119817,125126.62,119706.61,122334.43,1668124800
2022-11-12,1668211200000,117678.96,119054.98,117631.86,117631.86,1668211200
2022-11-13,1668297600000,118575.03,118575.03,115949.3,117560.63,1668297600
2022-11-14,1668384000000,116258.36,122281.11,115350.57,119211.2,1668384000
2022-11-15,1668470400000,117464.67,121160.77,115335.65,115436.23,1668470400
2022-11-16,1668556800000,125138.61,125945.2,117744.17,117744.17,1668556800
2022-11-17,1668643200000,124265.66,126345.85,123207.73,123207.73,1668643200
2022-11-18,1668729600000,121112.07,125735.18,121112.07,124497.3,1668729600
2022-11-19,1668816000000,119764.73,121316.9,119764.73,120831.5,1668816000
2022-11-20,1668902400000,120150,121032.05,118765.02,119623.04,1668902400
2022-11-21,1668988800000,129033.18,129344,121296.05,121296.05,1668988800
2022-11-22,1669075200000,127589.05,129732.8,127589.05,129027.91,1669075200
2022-11-23,1669161600000,123505.72,129898.84,123505.72,127681.47,1669161600
2022-11-24,1669248000000,123909.77,125986.07,122503.09,123272.07,1669248000
2022-11-25,1669334400000,126229.25,127098.79,123864.29,123864.29,1669334400
2022-11-26,1669420800000,126088.58,126107.04,125076.5,125437.43,1669420800
2022-11-27,1669507200000,127494.59,127638.81,124791.79,126145.55,1669507200
2022-11-28,1669593600000,124946.87,127131.25,123464.06,126737.76,1669593600
2022-11-29,1669680000000,127677.69,129331.6,124361.58,124980.27,1669680000
2022-11-30,1669766400000,125779.75,127557.71,123949.27,127494.72,1669766400
2022-12-01,1669852800000,129845.68,131332.56,127080.39,127080.39,1669852800
2022-12-02,1669939200000,128788.77,130546.64,128223.52,129845.68,1669939200
2022-12-03,1670025600000,129638.94,130485.2,128058.99,128788.77,1670025600
2022-12-04,1670112000000,135962.08,139719.11,129352.29,129638.94,1670112000
2022-12-05,1670198400000,122844.58,138220.13,122732.63,135962.08,1670198400
2022-12-06,1670284800000,110521.61,122844.58,110520.22,122844.58,1670284800
2022-12-07,1670371200000,107670.22,110907.72,104194.92,110521.61,1670371200
2022-12-08,1670457600000,110651.3,111072.77,106842.28,107670.22,1670457600
2022-12-09,1670544000000,108933.69,113092.39,108933.69,110651.3,1670544000
2022-12-10,1670630400000,109872.59,111523.42,108878.68,108933.69,1670630400
2022-12-11,1670716800000,109047.28,111360.19,108423.17,109872.59,1670716800
2022-12-12,1670803200000,104583.51,109150.35,102972.47,109047.28,1670803200
2022-12-13,1670889600000,107207.88,111368.99,104393.04,104583.51,1670889600
2022-12-14,1670976000000,111787.37,113055.58,106274.09,107207.88,1670976000
2022-12-15,1671062400000,108230.49,112279.23,107690.67,111787.37,1671062400
2022-12-16,1671148800000,98131.3,108300.59,97593.44,108230.49,1671148800
2022-12-17,1671235200000,99333.57,100559.74,97512.23,98131.3,1671235200
2022-12-18,1671321600000,98436.52,100959.03,98341.01,99333.57,1671321600
2022-12-19,1671408000000,97353.28,102037.75,96942.38,98436.52,1671408000
2022-12-20,1671494400000,95126.92,98498.94,94221.88,97353.28,1671494400
2022-12-21,1671580800000,95780.26,97260.19,94585.11,95126.92,1671580800
2022-12-22,1671667200000,99463.28,102263.04,95780.26,95780.26,1671667200
2022-12-23,1671753600000,98291.97,100502.23,96462.56,99463.28,1671753600
2022-12-24,1671840000000,98004.05,99331.25,97954.68,98291.97,1671840000
2022-12-25,1671926400000,97401.08,98476.48,96768.35,98004.05,1671926400
2022-12-26,1672012800000,96540.24,98143.83,96380.02,97401.08,1672012800
2022-12-27,1672099200000,103196.12,103244.02,96016.58,96540.24,1672099200
2022-12-28,1672185600000,106392.65,106555.35,101760.25,103196.12,1672185600
2022-12-29,1672272000000,106936.42,107850.03,105752.82,106392.65,1672272000
2022-12-30,1672358400000,107691.79,110080.44,106790.25,106936.42,1672358400
2022-12-31,1672444800000,105692.78,108422.33,105190.46,107691.79,1672444800
2023-01-01,1672531200000,108854.59,108930.81,105561.14,105692.78,1672531200
2023-01-02,1672617600000,105155.14,108882,105155.14,108854.59,1672617600
2023-01-03,1672704000000,105095.11,108286.83,105046.4,105155.14,1672704000
2023-01-04,1672790400000,101527.77,105336.93,101441.85,105095.11,1672790400
2023-01-05,1672876800000,103940.72,104790.51,100961.28,101527.77,1672876800
2023-01-06,1672963200000,103606.14,105450.2,102646.02,103940.72,1672963200
2023-01-07,1673049600000,105490.97,105848.08,103606.14,103606.14,1673049600
2023-01-08,1673136000000,102822.73,106390.29,102727.5,105490.97,1673136000
2023-01-09,1673222400000,103305.96,108411.79,102822.73,102822.73,1673222400
2023-01-10,1673308800000,113090.62,113091.77,103031.62,103305.96,1673308800
2023-01-11,1673395200000,106927,114415.85,106209.4,113090.62,1673395200
2023-01-12,1673481600000,108920.99,113387.07,104050.11,106927,1673481600
2023-01-13,1673568000000,111319.66,116864.28,108920.99,108920.99,1673568000
2023-01-14,1673654400000,93682.13,111352.05,90925.08,111319.66,1673654400
2023-01-15,1673740800000,94267.26,97004.65,92042.77,93682.13,1673740800
2023-01-16,1673827200000,97971.75,99739.54,91958.29,94267.26,1673827200
2023-01-17,1673913600000,101982.73,102453.1,95944.51,97971.75,1673913600
2023-01-18,1674000000000,101713.36,106211.32,99528.03,101982.73,1674000000
2023-01-19,1674086400000,105068.19,105539.05,100683.11,101713.36,1674086400
2023-01-20,1674172800000,98669.82,111328.64,95597.41,105068.19,1674172800
2023-01-21,1674259200000,95498.7,100714.03,92382.8,98669.82,1674259200
2023-01-22,1674345600000,94282.09,97125.86,93581.59,95498.7,1674345600
2023-01-23,1674432000000,92121.03,96539.2,92023.12,94282.09,1674432000
2023-01-24,1674518400000,92273.67,94629.84,91321.77,92121.03,1674518400
2023-01-25,1674604800000,85901.01,95176.49,85528.43,92273.67,1674604800
2023-01-26,1674691200000,88639.93,90207.3,85596.69,85901.01,1674691200
2023-01-27,1674777600000,90142.17,92397,86459.85,88639.93,1674777600
2023-01-28,1674864000000,90402.88,90939.29,89321.37,90142.17,1674864000
2023-01-29,1674950400000,103276.93,105147.69,89375.11,90402.88,1674950400
2023-01-30,1675036800000,93416.2,104910.57,93246.05,103276.93,1675036800
2023-01-31,1675123200000,97518.54,101123.5,93324.39,93416.2,1675123200
2023-02-01,1675209600000,100274.53,100555.86,95534.08,97518.54,1675209600
2023-02-02,1675296000000,97798.21,100666.38,96931.11,100274.53,1675296000
2023-02-03,1675382400000,96641.07,100907.13,96641.07,97798.21,1675382400
2023-02-04,1675468800000,98604.73,99698.45,95658.72,96641.07,1675468800
2023-02-05,1675555200000,102608.5,103586.95,98604.73,98604.73,1675555200
2023-02-06,1675641600000,103065.56,106054.31,102041.56,102608.5,1675641600
2023-02-07,1675728000000,101400.65,105508.95,100417.44,103065.56,1675728000
2023-02-08,1675814400000,104903.59,107919.73,100456.57,101400.65,1675814400
2023-02-09,1675900800000,99817.78,107958.57,98953.83,104903.59,1675900800
2023-02-10,1675987200000,101858.94,104399.6,99817.78,99817.78,1675987200
2023-02-11,1676073600000,101867.6,105340.24,101274.97,101858.94,1676073600
2023-02-12,1676160000000,98993.02,102299.47,97795.83,101867.6,1676160000
2023-02-13,1676246400000,100152.33,104515.52,98597.8,98993.02,1676246400
2023-02-14,1676332800000,103429.88,104631.03,99121.24,100152.33,1676332800
2023-02-15,1676419200000,108680.47,111704.29,102243.91,103429.88,1676419200
2023-02-16,1676505600000,108299.9,114655.6,106531.32,108680.47,1676505600
2023-02-17,1676592000000,107854.72,110047.87,101936.89,108299.9,1676592000
2023-02-18,1676678400000,110174.71,110850.65,107650.74,107854.72,1676678400
2023-02-19,1676764800000,106962.86,116699.32,106924.79,110174.71,1676764800
2023-02-20,1676851200000,111204.95,114604.06,104369.24,106962.86,1676851200
2023-02-21,1676937600000,109683.31,118037.7,108101.32,111204.95,1676937600
2023-02-22,1677024000000,105258.41,112481.84,105148.38,109683.31,1677024000
2023-02-23,1677110400000,104264.61,107908.15,103798.4,105258.41,1677110400
2023-02-24,1677196800000,105788.58,110336.41,103338.53,104264.61,1677196800
2023-02-25,1677283200000,109621.68,112431.79,105654.35,105788.58,1677283200
2023-02-26,1677369600000,106768.94,110410.51,105787.21,109621.68,1677369600
2023-02-27,1677456000000,100739.6,108567.81,100300.74,106768.94,1677456000
2023-02-28,1677542400000,103324.96,104602.15,100214.9,100739.6,1677542400
2023-03-01,1677628800000,103708.81,108521.35,102950.39,103324.96,1677628800
2023-03-02,1677715200000,108424.91,110500.77,103375.16,103708.81,1677715200
2023-03-03,1677801600000,101615.51,108704.89,99609.67,108424.91,1677801600
2023-03-04,1677888000000,99547,101824.12,98316.8,101615.51,1677888000
2023-03-05,1677974400000,99444.75,101275.7,96405.71,99547,1677974400
2023-03-06,1678060800000,103611.47,107426.48,99003.97,99444.75,1678060800
2023-03-07,1678147200000,104658.7,105135.12,102088.93,103611.47,1678147200
2023-03-08,1678233600000,107107.95,109671.6,103302.64,104658.7,1678233600
2023-03-09,1678320000000,99050.22,115515.38,98742.81,107107.95,1678320000
2023-03-10,1678406400000,96751.87,101472.02,93896.17,99050.22,1678406400
2023-03-11,1678492800000,92235.73,97795.62,90201.75,96751.87,1678492800
2023-03-12,1678579200000,87568.7,97293.64,85834.67,92235.73,1678579200
2023-03-13,1678665600000,99048.07,100576.95,87568.7,87568.7,1678665600
2023-03-14,1678752000000,96712.29,115046.89,95566.48,99048.07,1678752000
2023-03-15,1678838400000,93299.95,104788.13,92802.72,96712.29,1678838400
2023-03-16,1678924800000,103835.37,106759.07,93299.95,93299.95,1678924800
2023-03-17,1679011200000,106755.16,119006.09,102367.04,103835.37,1679011200
2023-03-18,1679097600000,106578.02,110144.66,102978.5,106755.16,1679097600
2023-03-19,1679184000000,112007.18,112533.63,106307.71,106578.02,1679184000
2023-03-20,1679270400000,111135.42,118943.39,107159.08,112007.18,1679270400
2023-03-21,1679356800000,110475.43,116308.39,109521.35,111135.42,1679356800
2023-03-22,1679443200000,102321.64,115105.68,102259.72,110475.43,1679443200
2023-03-23,1679529600000,104108.36,108760.08,101366.71,102321.64,1679529600
2023-03-24,1679616000000,98124.71,107116.79,98025.19,104108.36,1679616000
2023-03-25,1679702400000,97229.22,100918.39,97101.08,98124.71,1679702400
2023-03-26,1679788800000,102443.61,103877.03,96961.36,97229.22,1679788800
2023-03-27,1679875200000,98844.47,105607.92,98600.12,102443.61,1679875200
2023-03-28,1679961600000,102253.78,102794.14,98788.26,98844.47,1679961600
2023-03-29,1680048000000,109417.08,110821.47,100392.88,102253.78,1680048000
2023-03-30,1680134400000,101867.16,110068.87,101175.58,109417.08,1680134400
2023-03-31,1680220800000,107684.86,108669.68,100342.33,101867.16,1680220800
2023-04-01,1680307200000,105946.33,108125.54,105608.07,107684.86,1680307200
2023-04-02,1680393600000,104922.32,108372.4,103605.1,105946.33,1680393600
2023-04-03,1680480000000,94326.54,105241.22,93685.73,104922.32,1680480000
2023-04-04,1680566400000,97209.34,100164.07,94199.69,94326.54,1680566400
2023-04-05,1680652800000,96117.27,102054.87,95292.47,97209.34,1680652800
2023-04-06,1680739200000,98536.33,101774.25,95964.72,96117.27,1680739200
2023-04-07,1680825600000,101973.74,102609.74,98441.57,98536.33,1680825600
2023-04-08,1680912000000,101806.74,102240.58,100963.39,101973.74,1680912000
2023-04-09,1680998400000,103684.39,103984.47,99106.76,101806.74,1680998400
2023-04-10,1681084800000,118583.37,121989.02,103341.5,103684.39,1681084800
2023-04-11,1681171200000,114101.4,119470.7,111911.54,118583.37,1681171200
2023-04-12,1681257600000,113825.96,115356.07,110981.48,114101.4,1681257600
2023-04-13,1681344000000,112053.99,116687.08,110724.11,113825.96,1681344000
2023-04-14,1681430400000,99957.16,112204.44,99686.57,112053.99,1681430400
2023-04-15,1681516800000,101319.12,102065.3,99698.15,99957.16,1681516800
2023-04-16,1681603200000,100077.65,102238.86,99746.72,101319.12,1681603200
2023-04-17,1681689600000,100617.89,101924.65,97354.44,100077.65,1681689600
2023-04-18,1681776000000,99077.68,101321.73,97872.52,100617.89,1681776000
2023-04-19,1681862400000,96417.72,102810.83,94510.63,99077.68,1681862400
2023-04-20,1681948800000,99071.82,100708.83,96182.72,96417.72,1681948800
2023-04-21,1682035200000,102377.22,106222.77,99071.82,99071.82,1682035200
2023-04-22,1682121600000,104767.34,107227.3,102377.22,102377.22,1682121600
2023-04-23,1682208000000,103424.45,106634.48,103126.36,104767.34,1682208000
2023-04-24,1682294400000,102573.04,106318.95,101342.6,103424.45,1682294400
2023-04-25,1682380800000,101865.37,104456.61,100344.66,102573.04,1682380800
2023-04-26,1682467200000,92530.63,109129.24,89962.48,101865.37,1682467200
2023-04-27,1682553600000,99128.75,99839.88,89702.82,92530.63,1682553600
2023-04-28,1682640000000,100399.45,103610.78,98939.07,99128.75,1682640000
2023-04-29,1682726400000,100323.92,103417.24,100036.39,100399.45,1682726400
2023-04-30,1682812800000,98481.44,105280.87,98481.44,100323.92,1682812800
2023-05-01,1682899200000,101951.27,104295.33,95110.68,98481.44,1682899200
2023-05-02,1682985600000,101412.38,107098.36,101146.1,101951.27,1682985600
2023-05-03,1683072000000,96975.36,101899.02,94896.71,101412.38,1683072000
2023-05-04,1683158400000,101258.78,103074.41,96940.63,96975.36,1683158400
2023-05-05,1683244800000,105092.19,106851.31,99039.19,101258.78,1683244800
2023-05-06,1683331200000,98695.39,105629.89,98030.39,105092.19,1683331200
2023-05-07,1683417600000,100024.99,100703.6,97705.57,98695.39,1683417600
2023-05-08,1683504000000,105639.12,106700.06,99490.66,100024.99,1683504000
2023-05-09,1683590400000,108501.25,111341.84,105128.59,105639.12,1683590400
2023-05-10,1683676800000,101867.76,109442.28,100861.55,108501.25,1683676800
2023-05-11,1683763200000,108759.58,110064.82,101379.65,101867.76,1683763200
2023-05-12,1683849600000,106886.18,113409.92,106832.23,108759.58,1683849600
2023-05-13,1683936000000,107539.65,109062.43,105548.35,106886.18,1683936000
2023-05-14,1684022400000,107815.12,109281.95,105995.2,107539.65,1684022400
2023-05-15,1684108800000,107244.88,108877.73,106442.47,107815.12,1684108800
2023-05-16,1684195200000,108801.71,109790.21,104693.02,107244.88,1684195200
2023-05-17,1684281600000,107824.65,112909.11,107201.6,108801.71,1684281600
2023-05-18,1684368000000,104896.17,110295.77,104394.9,107824.65,1684368000
2023-05-19,1684454400000,104121.33,106667.75,104119.28,104896.17,1684454400
2023-05-20,1684540800000,104806.25,106198.69,103778.13,104121.33,1684540800
2023-05-21,1684627200000,106079.54,107202.62,103945.79,104806.25,1684627200
2023-05-22,1684713600000,105283.77,109541.07,105059.01,106079.54,1684713600
2023-05-23,1684800000000,105000.3,106088.06,103167.69,105283.77,1684800000
2023-05-24,1684886400000,114971.52,115903.64,103326.44,105000.3,1684886400
2023-05-25,1684972800000,111996.09,117927.75,110989.93,114971.52,1684972800
2023-05-26,1685059200000,106119.9,112057.16,106056.27,111996.09,1685059200
2023-05-27,1685145600000,108501.61,109122.95,106103.91,106119.9,1685145600
2023-05-28,1685232000000,111022.91,114607.99,106481.93,108501.61,1685232000
2023-05-29,1685318400000,111672.26,113193.63,108841.23,111096,1685318400
2023-05-30,1685404800000,111176.22,112299.22,110246.28,111672.26,1685404800
2023-05-31,1685491200000,111661,114095.54,108210.75,111176.22,1685491200
2023-06-01,1685577600000,113543.48,115315.33,108696.49,111661,1685577600
2023-06-02,1685664000000,112593.16,114671.04,112393.22,113543.48,1685664000
2023-06-03,1685750400000,114458.29,114532.15,111986.18,112593.16,1685750400
2023-06-04,1685836800000,108783.3,115186.71,108719.63,114458.29,1685836800
2023-06-05,1685923200000,119538.07,121120.59,108783.3,108783.3,1685923200
2023-06-06,1686009600000,109365.86,122500.74,108846.53,119538.07,1686009600
2023-06-07,1686096000000,103184.79,110474.67,102960.81,109365.86,1686096000
2023-06-08,1686182400000,103394.47,106454.75,103152.87,103184.79,1686182400
2023-06-09,1686268800000,102597.69,104573.64,101479.37,103394.47,1686268800
2023-06-10,1686355200000,101885.4,108339.32,97025.37,102597.69,1686355200
2023-06-11,1686441600000,99327.18,103209.77,99119.56,101885.4,1686441600
2023-06-12,1686528000000,102410.65,102773.58,98773.49,99327.18,1686528000
2023-06-13,1686614400000,103288.66,103828.68,100252.94,102410.65,1686614400
2023-06-14,1686700800000,103675.34,104772.8,99598.64,103288.66,1686700800
2023-06-15,1686787200000,104074.78,111992.36,103675.34,103675.34,1686787200
2023-06-16,1686873600000,104680.41,107118.41,102662.11,104074.78,1686873600
2023-06-17,1686960000000,103284.04,105696.11,101316.7,104680.41,1686960000
2023-06-18,1687046400000,104260,107193.3,102990.74,103284.04,1687046400
2023-06-19,1687132800000,109052.03,110500.87,103803.95,104260,1687132800
2023-06-20,1687219200000,121466.02,122075.1,108690.68,109052.03,1687219200
2023-06-21,1687305600000,116976.7,126284.37,115264.97,121466.02,1687305600
2023-06-22,1687392000000,117898.14,118842.22,114116.16,116976.7,1687392000
2023-06-23,1687478400000,115000.63,122842.69,115000.63,117898.14,1687478400
2023-06-24,1687564800000,113491.65,115354.69,112810.8,115000.63,1687564800
2023-06-25,1687651200000,113873.82,116303.05,113237.15,113491.65,1687651200
2023-06-26,1687737600000,114992.63,116942.37,112149.81,113873.82,1687737600
2023-06-27,1687824000000,116044.1,117877.81,114577.83,114992.63,1687824000
2023-06-28,1687910400000,112186.7,116398.93,110057.85,116044.1,1687910400
2023-06-29,1687996800000,118226.32,120264.18,112039.86,112186.7,1687996800
2023-06-30,1688083200000,105968.31,125118.44,105367.73,118226.32,1688083200
2023-07-01,1688169600000,109281.26,109499.67,105246.52,105968.31,1688169600
2023-07-02,1688256000000,108566.7,110383.83,107088.41,109281.26,1688256000
2023-07-03,1688342400000,117966.72,120513.51,108562.27,108566.7,1688342400
2023-07-04,1688428800000,114033.78,120088.59,113756.92,117966.72,1688428800
2023-07-05,1688515200000,112591.08,114661.2,111271.91,114033.78,1688515200
2023-07-06,1688601600000,103058.24,125065.07,102815.43,112591.08,1688601600
2023-07-07,1688688000000,103526.16,103580.21,101284.36,103058.24,1688688000
2023-07-08,1688774400000,103597.88,104200.22,101944.22,103526.16,1688774400
2023-07-09,1688860800000,102281.53,104917.76,101862.03,103597.88,1688860800
2023-07-10,1688947200000,106065.48,114371.34,101475.59,102281.53,1688947200
2023-07-11,1689033600000,107991.64,108294.41,105548.62,106065.48,1689033600
2023-07-12,1689120000000,111144.95,114766.17,107571.01,107991.64,1689120000
2023-07-13,1689206400000,111394.05,118153.64,108540.09,111144.95,1689206400
2023-07-14,1689292800000,101185.13,112274.17,96176.34,111394.05,1689292800
2023-07-15,1689379200000,100110.5,101573.74,99976.49,101185.13,1689379200
2023-07-16,1689465600000,100936.04,102109.71,99458.12,100110.5,1689465600
2023-07-17,1689552000000,104806.59,107457.15,100936.04,100936.04,1689552000
2023-07-18,1689638400000,106822.54,109931.95,104748.17,104806.59,1689638400
2023-07-19,1689724800000,104806.92,107501.56,104408.67,106822.54,1689724800
2023-07-20,1689811200000,109709.93,110352.29,102832.15,104806.92,1689811200
2023-07-21,1689897600000,106634.71,110500.97,106406.68,109709.93,1689897600
2023-07-22,1689984000000,105746.39,107793.26,104775.07,106634.71,1689984000
2023-07-23,1690070400000,100350.05,105746.39,100340.27,105746.39,1690070400
2023-07-24,1690156800000,111779.4,112425.79,100136.42,100350.05,1690156800
2023-07-25,1690243200000,108310.56,112549.08,107892.36,111779.4,1690243200
2023-07-26,1690329600000,109254.77,109817.74,104190.28,108310.56,1690329600
2023-07-27,1690416000000,109907.27,112631.88,108362.3,109254.77,1690416000
2023-07-28,1690502400000,107957.29,111011.27,107665.73,109907.27,1690502400
2023-07-29,1690588800000,108183.07,110217.09,107597.2,107957.29,1690588800
2023-07-30,1690675200000,106297.75,109486.68,105742.25,108183.07,1690675200
2023-07-31,1690761600000,108880.09,110525.62,104720.82,106297.75,1690761600
2023-08-01,1690848000000,108920.79,112356.14,105849.93,108880.09,1690848000
2023-08-02,1690934400000,112350.92,114587.53,108920.79,108920.79,1690934400
2023-08-03,1691020800000,111573.01,114504.94,111573.01,112350.92,1691020800
2023-08-04,1691107200000,114692.27,114878.09,110647.18,111573.01,1691107200
2023-08-05,1691193600000,112647.23,114911.28,112600.77,114692.27,1691193600
2023-08-06,1691280000000,111132.82,112649.98,110301.99,112647.23,1691280000
2023-08-07,1691366400000,111607.4,114773.78,110372.49,111132.82,1691366400
2023-08-08,1691452800000,124059.35,125788.02,110405.32,111607.4,1691452800
2023-08-09,1691539200000,117858.23,128428,117530.81,124059.35,1691539200
2023-08-10,1691625600000,118608.82,119599.69,117594.07,117858.23,1691625600
2023-08-11,1691712000000,118245.12,119934.95,117733.23,118608.82,1691712000
2023-08-12,1691798400000,117197.27,118249.1,117124.3,118245.12,1691798400
2023-08-13,1691884800000,114756.68,117310.99,114281.52,117197.27,1691884800
2023-08-14,1691971200000,107363.63,115390.55,106656.78,114756.68,1691971200
2023-08-15,1692057600000,114166.03,114212.89,107163.79,107363.63,1692057600
2023-08-16,1692144000000,117037.32,118245.39,113400.68,114166.03,1692144000
2023-08-17,1692230400000,106500.78,121871.69,106500.78,117037.32,1692230400
2023-08-18,1692316800000,95776.67,106500.78,95773.14,106500.78,1692316800
2023-08-19,1692403200000,87644.95,95867.86,87531.56,95776.67,1692403200
2023-08-20,1692489600000,89721.39,90389.97,87272.68,87644.95,1692489600
2023-08-21,1692576000000,91016.86,91746.6,89378.79,89721.39,1692576000
2023-08-22,1692662400000,87032.97,92698.07,86514.27,91016.86,1692662400
2023-08-23,1692748800000,83906.15,89996.72,83412.17,87032.97,1692748800
2023-08-24,1692835200000,85603.69,87898.57,83304.09,83906.15,1692835200
2023-08-25,1692921600000,84132.14,87534.55,84078.16,85603.69,1692921600
2023-08-26,1693008000000,85656.57,85774.67,82905.26,84132.14,1693008000
2023-08-27,1693094400000,86575.33,87366.09,85439.46,85656.57,1693094400
2023-08-28,1693180800000,86262.88,89428.58,85459.06,86575.33,1693180800
2023-08-29,1693267200000,92243.81,94763.7,86190.58,86262.88,1693267200
2023-08-30,1693353600000,89218.83,92338.3,88773.61,92243.81,1693353600
2023-08-31,1693440000000,82453.63,90600.78,81279.58,89218.83,1693440000
2023-09-01,1693526400000,83652.47,86720.66,81946.89,82453.63,1693526400
2023-09-02,1693612800000,80654.69,84617.56,80479.51,83652.47,1693612800
2023-09-03,1693699200000,80412,82082.04,80209.65,80654.69,1693699200
2023-09-04,1693785600000,81050.74,82564.37,80169.69,80412,1693785600
2023-09-05,1693872000000,83814.56,85510,80637.64,81050.74,1693872000
2023-09-06,1693958400000,83244.57,87756.23,83141.63,83814.56,1693958400
2023-09-07,1694044800000,82788.59,86406.79,81350.6,83244.57,1694044800
2023-09-08,1694131200000,83475.77,86373.72,82767.92,82788.59,1694131200
2023-09-09,1694217600000,83499.25,84412.96,82862.54,83475.77,1694217600
2023-09-10,1694304000000,81776.87,83608.18,81142.06,83499.25,1694304000
2023-09-11,1694390400000,89427.83,90231.52,81319.09,81776.87,1694390400
2023-09-12,1694476800000,87290.88,90248.9,83366.56,89427.83,1694476800
2023-09-13,1694563200000,89882.4,91710.95,85504.08,87290.88,1694563200
2023-09-14,1694649600000,91668.79,93140.55,86588.96,89882.4,1694649600
2023-09-15,1694736000000,86657.43,91993.32,86623.2,91668.79,1694736000
2023-09-16,1694822400000,86518.2,88864.74,86375.12,86657.43,1694822400
2023-09-17,1694908800000,84768.77,87497.91,84348.33,86518.2,1694908800
2023-09-18,1694995200000,89525.93,97735.23,83781.92,84768.77,1694995200
2023-09-19,1695081600000,92721.68,96767.08,89141.08,89525.93,1695081600
2023-09-20,1695168000000,90352.84,92772.72,89207.16,92721.68,1695168000
2023-09-21,1695254400000,92453.98,95934.87,90248.6,90352.84,1695254400
2023-09-22,1695340800000,92618.11,94146.15,91545.36,92453.98,1695340800
2023-09-23,1695427200000,91363.41,92618.11,91122.52,92618.11,1695427200
2023-09-24,1695513600000,90396.62,92296.97,89801.01,91363.41,1695513600
2023-09-25,1695600000000,89736.21,93669.58,88797.19,90396.62,1695600000
2023-09-26,1695686400000,91207.18,92143.2,89667.45,89736.21,1695686400
2023-09-27,1695772800000,88292.95,97952.9,87913.3,91207.18,1695772800
2023-09-28,1695859200000,93787.08,96631.91,87026.15,88292.95,1695859200
2023-09-29,1695945600000,88442.74,93978.93,88442.74,93787.08,1695945600
2023-09-30,1696032000000,90181.6,90480.75,88417.45,88442.74,1696032000
2023-10-01,1696118400000,87479.59,94197.98,85084.14,90181.6,1696118400
2023-10-02,1696204800000,88279.95,95443.11,87479.59,87479.59,1696204800
2023-10-03,1696291200000,87753.45,90858.96,87600.63,88279.95,1696291200
2023-10-04,1696377600000,90053.35,90735.45,85873.43,87753.45,1696377600
2023-10-05,1696464000000,91610.19,94201.36,89911.88,90053.35,1696464000
2023-10-06,1696550400000,94045.17,96495.19,89527.25,91610.19,1696550400
2023-10-07,1696636800000,90899.68,94045.17,90369.47,94045.17,1696636800
2023-10-08,1696723200000,92103.92,93062.74,90883.41,90899.68,1696723200
2023-10-09,1696809600000,90826.11,95185.28,90168.55,92103.92,1696809600
2023-10-10,1696896000000,93003.6,94315.22,89527.25,90826.11,1696896000
2023-10-11,1696982400000,98100.86,99486.81,92318.16,93003.6,1696982400
2023-10-12,1697068800000,96999.85,98615.24,96346.29,98100.86,1697068800
2023-10-13,1697155200000,97295.68,98132.98,94470.53,96999.85,1697155200
2023-10-14,1697241600000,98458.7,99461.33,97173.89,97295.68,1697241600
2023-10-15,1697328000000,97563.4,99535.32,94812.47,98458.7,1697328000
2023-10-16,1697414400000,89077.6,99625.66,86697.51,97563.4,1697414400
2023-10-17,1697500800000,91208.65,91772.33,88123.66,89077.6,1697500800
2023-10-18,1697587200000,86464.71,92315.46,86447.71,91208.65,1697587200
2023-10-19,1697673600000,93918.5,95100.08,86379.72,86464.71,1697673600
2023-10-20,1697760000000,90454.43,97884.33,90387.03,93918.5,1697760000
2023-10-21,1697846400000,96361.47,97583.87,89635.71,90454.43,1697846400
2023-10-22,1697932800000,93092.51,96667.76,92780.61,96361.47,1697932800
2023-10-23,1698019200000,88631.24,99705.68,88583.12,93092.51,1698019200
2023-10-24,1698105600000,84731.31,89221.54,82949.15,88631.24,1698105600
2023-10-25,1698192000000,83907.45,88366.01,83241.09,84731.31,1698192000
2023-10-26,1698278400000,84789.21,86158.21,83387.94,83907.45,1698278400
2023-10-27,1698364800000,84510.71,86866.25,83865.22,84789.21,1698364800
2023-10-28,1698451200000,84706.82,86662.65,84223.84,84510.71,1698451200
2023-10-29,1698537600000,88057.66,90873.28,83942.8,84706.82,1698537600
2023-10-30,1698624000000,86800.53,88681.68,84918.31,88057.66,1698624000
2023-10-31,1698710400000,88250.47,88361.56,85198.65,86800.53,1698710400
2023-11-01,1698796800000,86819.25,93527.41,83398.5,88250.47,1698796800
2023-11-02,1698883200000,81442.9,88704.22,80755.65,86819.25,1698883200
2023-11-03,1698969600000,81467.15,85589.49,81292.53,81442.9,1698969600
2023-11-04,1699056000000,83556.75,84342.2,81378.05,81467.15,1699056000
2023-11-05,1699142400000,86055.28,87928.3,83267.37,83556.75,1699142400
2023-11-06,1699228800000,86157.7,88715.03,86014.51,86055.28,1699228800
2023-11-07,1699315200000,88760.28,92463.58,86005.17,86157.7,1699315200
2023-11-08,1699401600000,90400.43,90400.43,86630.94,88760.28,1699401600
2023-11-09,1699488000000,79525.28,96747.27,79495.16,90400.43,1699488000
2023-11-10,1699574400000,79820.26,82127.51,78353.28,79525.28,1699574400
2023-11-11,1699660800000,80358.96,81291.98,79597.93,79820.26,1699660800
2023-11-12,1699747200000,80853.26,82171.47,80247.93,80358.96,1699747200
2023-11-13,1699833600000,80453.8,83243.07,79334.65,80853.26,1699833600
2023-11-14,1699920000000,78834.47,83494.95,76558.17,80453.8,1699920000
2023-11-15,1700006400000,83075.96,83268.73,78754.85,78834.47,1700006400
2023-11-16,1700092800000,80908.92,85945.88,80908.92,83075.96,1700092800
2023-11-17,1700179200000,77910.14,81038.94,76849.81,80908.92,1700179200
2023-11-18,1700265600000,79409.05,81651.59,76823.33,77910.14,1700265600
2023-11-19,1700352000000,80908.95,82220.91,78867.34,79409.05,1700352000
2023-11-20,1700438400000,83375.78,83981.83,80214,80908.95,1700438400
2023-11-21,1700524800000,79599.65,87024.89,79599.65,83375.78,1700524800
2023-11-22,1700611200000,80863.79,80898.7,77144.8,79599.65,1700611200
2023-11-23,1700697600000,81963.98,83442.85,80764.82,80863.79,1700697600
2023-11-24,1700784000000,80036.65,85255.81,79969.39,81963.98,1700784000
2023-11-25,1700870400000,79570.56,80140.04,78658.15,80036.65,1700870400
2023-11-26,1700956800000,79126.76,82383.57,78768.25,79570.56,1700956800
2023-11-27,1701043200000,79262.9,81386.54,78663.16,79126.76,1701043200
2023-11-28,1701129600000,81109.41,84925.91,78511.91,79262.9,1701129600
2023-11-29,1701216000000,82651.7,86337.15,80539.76,81109.41,1701216000
2023-11-30,1701302400000,82619.48,84388.21,82070.57,82651.7,1701302400
2023-12-01,1701388800000,89045.2,90739.14,81471.19,82619.48,1701388800
2023-12-02,1701475200000,81673.03,89045.2,81436.67,89045.2,1701475200
2023-12-03,1701561600000,79999.12,83686.33,79898.66,81673.03,1701561600
2023-12-04,1701648000000,83196.05,85972.72,79999.12,79999.12,1701648000
2023-12-05,1701734400000,82594.22,88797.44,82467.12,83196.05,1701734400
2023-12-06,1701820800000,85262.79,87815.15,82252.98,82594.22,1701820800
2023-12-07,1701907200000,83409.05,86804.58,83343.27,85262.79,1701907200
2023-12-08,1701993600000,82103.85,85845.48,82012.12,83409.05,1701993600
2023-12-09,1702080000000,80803.91,83090.39,80367.11,82103.85,1702080000
2023-12-10,1702166400000,83140.07,84564.18,80803.91,80803.91,1702166400
2023-12-11,1702252800000,75529.17,83171.66,74819.56,83140.07,1702252800
2023-12-12,1702339200000,77355.31,80248.12,75275.3,75529.17,1702339200
2023-12-13,1702425600000,78625.69,80829.21,77076.27,77355.31,1702425600
2023-12-14,1702512000000,76351.03,80026.73,74650.35,78625.69,1702512000
2023-12-15,1702598400000,75813.7,77179.95,75052.79,76351.03,1702598400
2023-12-16,1702684800000,75326.01,77343.83,74845.51,75813.7,1702684800
2023-12-17,1702771200000,76347.57,78215.76,75310.18,75326.01,1702771200
2023-12-18,1702857600000,75531.64,80471.08,74819.18,76347.57,1702857600
2023-12-19,1702944000000,76749.07,80000.34,74847.24,75531.64,1702944000
2023-12-20,1703030400000,79731.84,82202.82,76749.07,76749.07,1703030400
2023-12-21,1703116800000,80532.73,82873.34,79475.89,79731.84,1703116800
2023-12-22,1703203200000,77331.08,82890.96,77259.91,80532.73,1703203200
2023-12-23,1703289600000,78624.42,79893.9,77118.87,77331.08,1703289600
2023-12-24,1703376000000,77213.72,79611.49,75384.35,78624.42,1703376000
2023-12-25,1703462400000,77532.15,78760.29,76205.27,77213.72,1703462400
2023-12-26,1703548800000,79602.17,81300.67,75947.08,77532.15,1703548800
2023-12-27,1703635200000,76074.77,79604.85,75600.18,79602.17,1703635200
2023-12-28,1703721600000,75584.59,76392.04,74541.29,76074.77,1703721600
2023-12-29,1703808000000,75711.32,76589.71,74140.93,75584.59,1703808000
2023-12-30,1703894400000,75458.85,77851.87,75356.78,75711.32,1703894400
2023-12-31,1703980800000,74001.36,77143.32,73921.74,75458.85,1703980800
