timestamp,start_time,date,funding_rates
2021-01-01,1609459200000,2021-01-01,0.0286498
2021-01-02,1609545600000,2021-01-02,0.07135565
2021-01-03,1609632000000,2021-01-03,0.12205606
2021-01-04,1609718400000,2021-01-04,0.13498102
2021-01-05,1609804800000,2021-01-05,0.07545928
2021-01-06,1609891200000,2021-01-06,0.14723436
2021-01-07,1609977600000,2021-01-07,0.14178688
2021-01-08,1610064000000,2021-01-08,0.11901409
2021-01-09,1610150400000,2021-01-09,0.11268614
2021-01-10,1610236800000,2021-01-10,0.11143989
2021-01-11,1610323200000,2021-01-11,0.06960056
2021-01-12,1610409600000,2021-01-12,0.04500101
2021-01-13,1610496000000,2021-01-13,0.04991114
2021-01-14,1610582400000,2021-01-14,0.0732052
2021-01-15,1610668800000,2021-01-15,0.07108814
2021-01-16,1610755200000,2021-01-16,0.045507
2021-01-17,1610841600000,2021-01-17,0.02626257
2021-01-18,1610928000000,2021-01-18,0.07414731
2021-01-19,1611014400000,2021-01-19,0.14697097
2021-01-20,1611100800000,2021-01-20,0.03616702
2021-01-21,1611187200000,2021-01-21,0.04165337
2021-01-22,1611273600000,2021-01-22,0.01008644
2021-01-23,1611360000000,2021-01-23,0.01035531
2021-01-24,1611446400000,2021-01-24,0.02578807
2021-01-25,1611532800000,2021-01-25,0.04838661
2021-01-26,1611619200000,2021-01-26,0.01003489
2021-01-27,1611705600000,2021-01-27,0.01
2021-01-28,1611792000000,2021-01-28,0.01524837
2021-01-29,1611878400000,2021-01-29,0.1005944
2021-01-30,1611964800000,2021-01-30,0.04144031
2021-01-31,1612051200000,2021-01-31,0.04128088
2021-02-01,1612137600000,2021-02-01,0.04410328
2021-02-02,1612224000000,2021-02-02,0.08267592
2021-02-03,1612310400000,2021-02-03,0.06958561
2021-02-04,1612396800000,2021-02-04,0.06973769
2021-02-05,1612483200000,2021-02-05,0.07232637
2021-02-06,1612569600000,2021-02-06,0.09977254
2021-02-07,1612656000000,2021-02-07,0.09467498
2021-02-08,1612742400000,2021-02-08,0.13310043
2021-02-09,1612828800000,2021-02-09,0.17697462
2021-02-10,1612915200000,2021-02-10,0.14368866
2021-02-11,1613001600000,2021-02-11,0.11978925
2021-02-12,1613088000000,2021-02-12,0.13038573
2021-02-13,1613174400000,2021-02-13,0.11320021
2021-02-14,1613260800000,2021-02-14,0.13469933
2021-02-15,1613347200000,2021-02-15,0.07318596
2021-02-16,1613433600000,2021-02-16,0.12320869
2021-02-17,1613520000000,2021-02-17,0.12378531
2021-02-18,1613606400000,2021-02-18,0.13600988
2021-02-19,1613692800000,2021-02-19,0.11898304
2021-02-20,1613779200000,2021-02-20,0.12585014
2021-02-21,1613865600000,2021-02-21,0.11645257
2021-02-22,1613952000000,2021-02-22,0.08468316
2021-02-23,1614038400000,2021-02-23,0.02063733
2021-02-24,1614124800000,2021-02-24,0.0340719
2021-02-25,1614211200000,2021-02-25,0.02124573
2021-02-26,1614297600000,2021-02-26,0.01294222
2021-02-27,1614384000000,2021-02-27,0.02823111
2021-02-28,1614470400000,2021-02-28,0.02085887
2021-03-01,1614556800000,2021-03-01,0.0102129
2021-03-02,1614643200000,2021-03-02,0.01269545
2021-03-03,1614729600000,2021-03-03,0.01531867
2021-03-04,1614816000000,2021-03-04,0.01
2021-03-05,1614902400000,2021-03-05,0.01
2021-03-06,1614988800000,2021-03-06,0.01
2021-03-07,1615075200000,2021-03-07,0.01288063
2021-03-08,1615161600000,2021-03-08,0.02469454
2021-03-09,1615248000000,2021-03-09,0.0503144
2021-03-10,1615334400000,2021-03-10,0.05758723
2021-03-11,1615420800000,2021-03-11,0.09846631
2021-03-12,1615507200000,2021-03-12,0.06604346
2021-03-13,1615593600000,2021-03-13,0.06271975
2021-03-14,1615680000000,2021-03-14,0.09608697
2021-03-15,1615766400000,2021-03-15,0.05820957
2021-03-16,1615852800000,2021-03-16,0.03619871
2021-03-17,1615939200000,2021-03-17,0.02494552
2021-03-18,1616025600000,2021-03-18,0.03694611
2021-03-19,1616112000000,2021-03-19,0.02891197
2021-03-20,1616198400000,2021-03-20,0.05137785
2021-03-21,1616284800000,2021-03-21,0.02891506
2021-03-22,1616371200000,2021-03-22,0.05040377
2021-03-23,1616457600000,2021-03-23,0.03295433
2021-03-24,1616544000000,2021-03-24,0.03059453
2021-03-25,1616630400000,2021-03-25,0.01133972
2021-03-26,1616716800000,2021-03-26,0.01055895
2021-03-27,1616803200000,2021-03-27,0.01
2021-03-28,1616889600000,2021-03-28,0.01
2021-03-29,1616976000000,2021-03-29,0.01683428
2021-03-30,1617062400000,2021-03-30,0.058789
2021-03-31,1617148800000,2021-03-31,0.07699675
2021-04-01,1617235200000,2021-04-01,0.0800812
2021-04-02,1617321600000,2021-04-02,0.09343141
2021-04-03,1617408000000,2021-04-03,0.08853206
2021-04-04,1617494400000,2021-04-04,0.04631494
2021-04-05,1617580800000,2021-04-05,0.05232029
2021-04-06,1617667200000,2021-04-06,0.07548578
2021-04-07,1617753600000,2021-04-07,0.06061752
2021-04-08,1617840000000,2021-04-08,0.02987583
2021-04-09,1617926400000,2021-04-09,0.02099129
2021-04-10,1618012800000,2021-04-10,0.10355551
2021-04-11,1618099200000,2021-04-11,0.10048458
2021-04-12,1618185600000,2021-04-12,0.10132387
2021-04-13,1618272000000,2021-04-13,0.1057919
2021-04-14,1618358400000,2021-04-14,0.09852633
2021-04-15,1618444800000,2021-04-15,0.09670781
2021-04-16,1618531200000,2021-04-16,0.10803924
2021-04-17,1618617600000,2021-04-17,0.0691991
2021-04-18,1618704000000,2021-04-18,0.04125714
2021-04-19,1618790400000,2021-04-19,0.01313844
2021-04-20,1618876800000,2021-04-20,0.01
2021-04-21,1618963200000,2021-04-21,0.01
2021-04-22,1619049600000,2021-04-22,0.01
2021-04-23,1619136000000,2021-04-23,0.02005472
2021-04-24,1619222400000,2021-04-24,0.02044642
2021-04-25,1619308800000,2021-04-25,0.02129088
2021-04-26,1619395200000,2021-04-26,0.01
2021-04-27,1619481600000,2021-04-27,0.01
2021-04-28,1619568000000,2021-04-28,0.01
2021-04-29,1619654400000,2021-04-29,0.0135725
2021-04-30,1619740800000,2021-04-30,0.01215089
2021-05-01,1619827200000,2021-05-01,0.02190877
2021-05-02,1619913600000,2021-05-02,0.04335196
2021-05-03,1620000000000,2021-05-03,0.05138939
2021-05-04,1620086400000,2021-05-04,0.03911802
2021-05-05,1620172800000,2021-05-05,0.04194566
2021-05-06,1620259200000,2021-05-06,0.07489403
2021-05-07,1620345600000,2021-05-07,0.04590392
2021-05-08,1620432000000,2021-05-08,0.04943532
2021-05-09,1620518400000,2021-05-09,0.05770265
2021-05-10,1620604800000,2021-05-10,0.07881369
2021-05-11,1620691200000,2021-05-11,0.0373474
2021-05-12,1620777600000,2021-05-12,0.03605213
2021-05-13,1620864000000,2021-05-13,0.01845656
2021-05-14,1620950400000,2021-05-14,0.02642819
2021-05-15,1621036800000,2021-05-15,0.02045079
2021-05-16,1621123200000,2021-05-16,0.02198923
2021-05-17,1621209600000,2021-05-17,0.0570024
2021-05-18,1621296000000,2021-05-18,0.02174562
2021-05-19,1621382400000,2021-05-19,0.00293476
2021-05-20,1621468800000,2021-05-20,0.00991887
2021-05-21,1621555200000,2021-05-21,0.00117902
2021-05-22,1621641600000,2021-05-22,0.00017088
2021-05-23,1621728000000,2021-05-23,-0.00070957
2021-05-24,1621814400000,2021-05-24,-0.00677141
2021-05-25,1621900800000,2021-05-25,0.01
2021-05-26,1621987200000,2021-05-26,0.01
2021-05-27,1622073600000,2021-05-27,0.01
2021-05-28,1622160000000,2021-05-28,0.01
2021-05-29,1622246400000,2021-05-29,0.01131664
2021-05-30,1622332800000,2021-05-30,0.01
2021-05-31,1622419200000,2021-05-31,0.01
2021-06-01,1622505600000,2021-06-01,0.01
2021-06-02,1622592000000,2021-06-02,0.01
2021-06-03,1622678400000,2021-06-03,0.01
2021-06-04,1622764800000,2021-06-04,0.01118356
2021-06-05,1622851200000,2021-06-05,0.01
2021-06-06,1622937600000,2021-06-06,0.01
2021-06-07,1623024000000,2021-06-07,0.01
2021-06-08,1623110400000,2021-06-08,0.00589783
2021-06-09,1623196800000,2021-06-09,-0.00531943
2021-06-10,1623283200000,2021-06-10,0.0036332
2021-06-11,1623369600000,2021-06-11,0.00138256
2021-06-12,1623456000000,2021-06-12,0.006157
2021-06-13,1623542400000,2021-06-13,-0.00234597
2021-06-14,1623628800000,2021-06-14,0.00687944
2021-06-15,1623715200000,2021-06-15,0.00993871
2021-06-16,1623801600000,2021-06-16,0.01
2021-06-17,1623888000000,2021-06-17,0.00993641
2021-06-18,1623974400000,2021-06-18,0.00427928
2021-06-19,1624060800000,2021-06-19,0.0011279
2021-06-20,1624147200000,2021-06-20,-0.00299523
2021-06-21,1624233600000,2021-06-21,-0.00460543
2021-06-22,1624320000000,2021-06-22,-0.00792256
2021-06-23,1624406400000,2021-06-23,-0.01194267
2021-06-24,1624492800000,2021-06-24,-0.00647505
2021-06-25,1624579200000,2021-06-25,0.00597334
2021-06-26,1624665600000,2021-06-26,-0.0159988
2021-06-27,1624752000000,2021-06-27,-0.03240232
2021-06-28,1624838400000,2021-06-28,0.00847646
2021-06-29,1624924800000,2021-06-29,0.0088557
2021-06-30,1625011200000,2021-06-30,0.01
2021-07-01,1625097600000,2021-07-01,0.00974308
2021-07-02,1625184000000,2021-07-02,0.00097619
2021-07-03,1625270400000,2021-07-03,-0.00354816
2021-07-04,1625356800000,2021-07-04,-0.00183026
2021-07-05,1625443200000,2021-07-05,0.00019636
2021-07-06,1625529600000,2021-07-06,-0.00854399
2021-07-07,1625616000000,2021-07-07,0.005484
2021-07-08,1625702400000,2021-07-08,-0.01648853
2021-07-09,1625788800000,2021-07-09,-0.01255697
2021-07-10,1625875200000,2021-07-10,0.00545069
2021-07-11,1625961600000,2021-07-11,0.00527011
2021-07-12,1626048000000,2021-07-12,0.007282
2021-07-13,1626134400000,2021-07-13,0.00774866
2021-07-14,1626220800000,2021-07-14,-0.00144745
2021-07-15,1626307200000,2021-07-15,0.00348774
2021-07-16,1626393600000,2021-07-16,0.00125745
2021-07-17,1626480000000,2021-07-17,0.00416474
2021-07-18,1626566400000,2021-07-18,0.00070426
2021-07-19,1626652800000,2021-07-19,0.00143127
2021-07-20,1626739200000,2021-07-20,-0.01766556
2021-07-21,1626825600000,2021-07-21,-0.02422499
2021-07-22,1626912000000,2021-07-22,-0.00440176
2021-07-23,1626998400000,2021-07-23,-0.00513073
2021-07-24,1627084800000,2021-07-24,-0.01110613
2021-07-25,1627171200000,2021-07-25,-0.02641088
2021-07-26,1627257600000,2021-07-26,0.00588161
2021-07-27,1627344000000,2021-07-27,0.00437486
2021-07-28,1627430400000,2021-07-28,0.00755447
2021-07-29,1627516800000,2021-07-29,0.00847252
2021-07-30,1627603200000,2021-07-30,0.00803403
2021-07-31,1627689600000,2021-07-31,0.01
2021-08-01,1627776000000,2021-08-01,0.01
2021-08-02,1627862400000,2021-08-02,0.01
2021-08-03,1627948800000,2021-08-03,0.00944846
2021-08-04,1628035200000,2021-08-04,0.00873242
2021-08-05,1628121600000,2021-08-05,0.00947422
2021-08-06,1628208000000,2021-08-06,0.01
2021-08-07,1628294400000,2021-08-07,0.01
2021-08-08,1628380800000,2021-08-08,0.01
2021-08-09,1628467200000,2021-08-09,0.01
2021-08-10,1628553600000,2021-08-10,0.01
2021-08-11,1628640000000,2021-08-11,0.01
2021-08-12,1628726400000,2021-08-12,0.01
2021-08-13,1628812800000,2021-08-13,0.01
2021-08-14,1628899200000,2021-08-14,0.01101261
2021-08-15,1628985600000,2021-08-15,0.01
2021-08-16,1629072000000,2021-08-16,0.01070886
2021-08-17,1629158400000,2021-08-17,0.01
2021-08-18,1629244800000,2021-08-18,0.01
2021-08-19,1629331200000,2021-08-19,0.01
2021-08-20,1629417600000,2021-08-20,0.01041281
2021-08-21,1629504000000,2021-08-21,0.0131643
2021-08-22,1629590400000,2021-08-22,0.01184809
2021-08-23,1629676800000,2021-08-23,0.02630001
2021-08-24,1629763200000,2021-08-24,0.02585526
2021-08-25,1629849600000,2021-08-25,0.01247415
2021-08-26,1629936000000,2021-08-26,0.01143355
2021-08-27,1630022400000,2021-08-27,0.01
2021-08-28,1630108800000,2021-08-28,0.01949466
2021-08-29,1630195200000,2021-08-29,0.01138667
2021-08-30,1630281600000,2021-08-30,0.01717893
2021-08-31,1630368000000,2021-08-31,0.03044292
2021-09-01,1630454400000,2021-09-01,0.03487994
2021-09-02,1630540800000,2021-09-02,0.05265156
2021-09-03,1630627200000,2021-09-03,0.03488945
2021-09-04,1630713600000,2021-09-04,0.01729159
2021-09-05,1630800000000,2021-09-05,0.01221876
2021-09-06,1630886400000,2021-09-06,0.0113527
2021-09-07,1630972800000,2021-09-07,0.02481048
2021-09-08,1631059200000,2021-09-08,0.01
2021-09-09,1631145600000,2021-09-09,0.01
2021-09-10,1631232000000,2021-09-10,0.01015337
2021-09-11,1631318400000,2021-09-11,0.01
2021-09-12,1631404800000,2021-09-12,0.01
2021-09-13,1631491200000,2021-09-13,0.01
2021-09-14,1631577600000,2021-09-14,0.01002677
2021-09-15,1631664000000,2021-09-15,0.00970206
2021-09-16,1631750400000,2021-09-16,0.01
2021-09-17,1631836800000,2021-09-17,0.01
2021-09-18,1631923200000,2021-09-18,0.01
2021-09-19,1632009600000,2021-09-19,0.01
2021-09-20,1632096000000,2021-09-20,0.01
2021-09-21,1632182400000,2021-09-21,0.0091628
2021-09-22,1632268800000,2021-09-22,0.0087569
2021-09-23,1632355200000,2021-09-23,0.00754908
2021-09-24,1632441600000,2021-09-24,0.00235962
2021-09-25,1632528000000,2021-09-25,0.00780706
2021-09-26,1632614400000,2021-09-26,0.00673649
2021-09-27,1632700800000,2021-09-27,0.00890873
2021-09-28,1632787200000,2021-09-28,0.00320204
2021-09-29,1632873600000,2021-09-29,0.00712146
2021-09-30,1632960000000,2021-09-30,0.00880227
2021-10-01,1633046400000,2021-10-01,0.00250811
2021-10-02,1633132800000,2021-10-02,0.00730035
2021-10-03,1633219200000,2021-10-03,0.01
2021-10-04,1633305600000,2021-10-04,0.01
2021-10-05,1633392000000,2021-10-05,0.00236049
2021-10-06,1633478400000,2021-10-06,0.01
2021-10-07,1633564800000,2021-10-07,0.0318654
2021-10-08,1633651200000,2021-10-08,0.01976399
2021-10-09,1633737600000,2021-10-09,0.011155
2021-10-10,1633824000000,2021-10-10,0.01438735
2021-10-11,1633910400000,2021-10-11,0.01074656
2021-10-12,1633996800000,2021-10-12,0.01186122
2021-10-13,1634083200000,2021-10-13,0.01
2021-10-14,1634169600000,2021-10-14,0.01877702
2021-10-15,1634256000000,2021-10-15,0.0231053
2021-10-16,1634342400000,2021-10-16,0.03900487
2021-10-17,1634428800000,2021-10-17,0.03816795
2021-10-18,1634515200000,2021-10-18,0.02158589
2021-10-19,1634601600000,2021-10-19,0.01117558
2021-10-20,1634688000000,2021-10-20,0.03790492
2021-10-21,1634774400000,2021-10-21,0.06262034
2021-10-22,1634860800000,2021-10-22,0.03068216
2021-10-23,1634947200000,2021-10-23,0.02030787
2021-10-24,1635033600000,2021-10-24,0.03918568
2021-10-25,1635120000000,2021-10-25,0.02995052
2021-10-26,1635206400000,2021-10-26,0.05598004
2021-10-27,1635292800000,2021-10-27,0.02416746
2021-10-28,1635379200000,2021-10-28,0.01623874
2021-10-29,1635465600000,2021-10-29,0.02287394
2021-10-30,1635552000000,2021-10-30,0.02813925
2021-10-31,1635638400000,2021-10-31,0.04082102
2021-11-01,1635724800000,2021-11-01,0.04099283
2021-11-02,1635811200000,2021-11-02,0.04871153
2021-11-03,1635897600000,2021-11-03,0.04748869
2021-11-04,1635984000000,2021-11-04,0.04404411
2021-11-05,1636070400000,2021-11-05,0.03626622
2021-11-06,1636156800000,2021-11-06,0.04343215
2021-11-07,1636243200000,2021-11-07,0.03244579
2021-11-08,1636329600000,2021-11-08,0.04540245
2021-11-09,1636416000000,2021-11-09,0.0534616
2021-11-10,1636502400000,2021-11-10,0.05418938
2021-11-11,1636588800000,2021-11-11,0.01939852
2021-11-12,1636675200000,2021-11-12,0.02810106
2021-11-13,1636761600000,2021-11-13,0.02234728
2021-11-14,1636848000000,2021-11-14,0.01557696
2021-11-15,1636934400000,2021-11-15,0.03108084
2021-11-16,1637020800000,2021-11-16,0.01245505
2021-11-17,1637107200000,2021-11-17,0.01175736
2021-11-18,1637193600000,2021-11-18,0.01074617
2021-11-19,1637280000000,2021-11-19,0.01
2021-11-20,1637366400000,2021-11-20,0.01
2021-11-21,1637452800000,2021-11-21,0.01
2021-11-22,1637539200000,2021-11-22,0.01
2021-11-23,1637625600000,2021-11-23,0.01139374
2021-11-24,1637712000000,2021-11-24,0.01151882
2021-11-25,1637798400000,2021-11-25,0.01535499
2021-11-26,1637884800000,2021-11-26,0.0196629
2021-11-27,1637971200000,2021-11-27,0.01000574
2021-11-28,1638057600000,2021-11-28,0.01017198
2021-11-29,1638144000000,2021-11-29,0.01590764
2021-11-30,1638230400000,2021-11-30,0.01382046
2021-12-01,1638316800000,2021-12-01,0.01998412
2021-12-02,1638403200000,2021-12-02,0.01020176
2021-12-03,1638489600000,2021-12-03,0.01737096
2021-12-04,1638576000000,2021-12-04,0.00301199
2021-12-05,1638662400000,2021-12-05,0.00717979
2021-12-06,1638748800000,2021-12-06,0.01
2021-12-07,1638835200000,2021-12-07,0.00934257
2021-12-08,1638921600000,2021-12-08,0.01
2021-12-09,1639008000000,2021-12-09,0.01
2021-12-10,1639094400000,2021-12-10,0.01
2021-12-11,1639180800000,2021-12-11,0.01
2021-12-12,1639267200000,2021-12-12,0.01
2021-12-13,1639353600000,2021-12-13,0.00901852
2021-12-14,1639440000000,2021-12-14,0.00792639
2021-12-15,1639526400000,2021-12-15,0.00999496
2021-12-16,1639612800000,2021-12-16,0.01
2021-12-17,1639699200000,2021-12-17,0.00882505
2021-12-18,1639785600000,2021-12-18,0.00834324
2021-12-19,1639872000000,2021-12-19,0.00944725
2021-12-20,1639958400000,2021-12-20,0.00989815
2021-12-21,1640044800000,2021-12-21,0.00997398
2021-12-22,1640131200000,2021-12-22,0.00998811
2021-12-23,1640217600000,2021-12-23,0.0066924
2021-12-24,1640304000000,2021-12-24,0.01
2021-12-25,1640390400000,2021-12-25,0.01
2021-12-26,1640476800000,2021-12-26,0.01
2021-12-27,1640563200000,2021-12-27,0.01
2021-12-28,1640649600000,2021-12-28,0.01
2021-12-29,1640736000000,2021-12-29,0.00906809
2021-12-30,1640822400000,2021-12-30,0.00757787
2021-12-31,1640908800000,2021-12-31,0.00857882
2022-01-01,1640995200000,2022-01-01,0.01
2022-01-02,1641081600000,2022-01-02,0.01
2022-01-03,1641168000000,2022-01-03,0.01
2022-01-04,1641254400000,2022-01-04,0.01
2022-01-05,1641340800000,2022-01-05,0.01
2022-01-06,1641427200000,2022-01-06,0.00966075
2022-01-07,1641513600000,2022-01-07,0.01
2022-01-08,1641600000000,2022-01-08,0.00997862
2022-01-09,1641686400000,2022-01-09,0.01
2022-01-10,1641772800000,2022-01-10,0.00890881
2022-01-11,1641859200000,2022-01-11,0.00572752
2022-01-12,1641945600000,2022-01-12,0.00158998
2022-01-13,1642032000000,2022-01-13,0.00162089
2022-01-14,1642118400000,2022-01-14,-0.00055791
2022-01-15,1642204800000,2022-01-15,0.00417059
2022-01-16,1642291200000,2022-01-16,0.00507979
2022-01-17,1642377600000,2022-01-17,0.00810441
2022-01-18,1642464000000,2022-01-18,0.00802493
2022-01-19,1642550400000,2022-01-19,0.00932122
2022-01-20,1642636800000,2022-01-20,0.01
2022-01-21,1642723200000,2022-01-21,0.00722393
2022-01-22,1642809600000,2022-01-22,0.00627971
2022-01-23,1642896000000,2022-01-23,0.00045204
2022-01-24,1642982400000,2022-01-24,0.00426442
2022-01-25,1643068800000,2022-01-25,-0.00145117
2022-01-26,1643155200000,2022-01-26,-0.00322582
2022-01-27,1643241600000,2022-01-27,-0.00739978
2022-01-28,1643328000000,2022-01-28,0.00207988
2022-01-29,1643414400000,2022-01-29,0.00118989
2022-01-30,1643500800000,2022-01-30,0.00939123
2022-01-31,1643587200000,2022-01-31,-0.00483985
2022-02-01,1643673600000,2022-02-01,-0.00053859
2022-02-02,1643760000000,2022-02-02,-2.73e-05
2022-02-03,1643846400000,2022-02-03,0.00077201
2022-02-04,1643932800000,2022-02-04,0.00055212
2022-02-05,1644019200000,2022-02-05,0.00981418
2022-02-06,1644105600000,2022-02-06,0.0077211
2022-02-07,1644192000000,2022-02-07,0.00013681
2022-02-08,1644278400000,2022-02-08,0.00994571
2022-02-09,1644364800000,2022-02-09,0.00598761
2022-02-10,1644451200000,2022-02-10,0.0063952
2022-02-11,1644537600000,2022-02-11,-0.00088531
2022-02-12,1644624000000,2022-02-12,0.00928634
2022-02-13,1644710400000,2022-02-13,0.00796437
2022-02-14,1644796800000,2022-02-14,0.0074663
2022-02-15,1644883200000,2022-02-15,0.00280418
2022-02-16,1644969600000,2022-02-16,0.01
2022-02-17,1645056000000,2022-02-17,0.00917768
2022-02-18,1645142400000,2022-02-18,0.00114116
2022-02-19,1645228800000,2022-02-19,0.00526527
2022-02-20,1645315200000,2022-02-20,-0.00135679
2022-02-21,1645401600000,2022-02-21,-0.00095156
2022-02-22,1645488000000,2022-02-22,-0.00034854
2022-02-23,1645574400000,2022-02-23,-0.00345061
2022-02-24,1645660800000,2022-02-24,-0.00856877
2022-02-25,1645747200000,2022-02-25,0.0072478
2022-02-26,1645833600000,2022-02-26,0.00847401
2022-02-27,1645920000000,2022-02-27,-8.951e-05
2022-02-28,1646006400000,2022-02-28,-0.00828548
2022-03-01,1646092800000,2022-03-01,0.00872762
2022-03-02,1646179200000,2022-03-02,0.00883177
2022-03-03,1646265600000,2022-03-03,0.01
2022-03-04,1646352000000,2022-03-04,0.01
2022-03-05,1646438400000,2022-03-05,0.00457277
2022-03-06,1646524800000,2022-03-06,0.00194633
2022-03-07,1646611200000,2022-03-07,0.00062856
2022-03-08,1646697600000,2022-03-08,0.00793762
2022-03-09,1646784000000,2022-03-09,0.00784307
2022-03-10,1646870400000,2022-03-10,-0.00163968
2022-03-11,1646956800000,2022-03-11,-0.00191146
2022-03-12,1647043200000,2022-03-12,-0.00223575
2022-03-13,1647129600000,2022-03-13,-0.00181117
2022-03-14,1647216000000,2022-03-14,-0.00023419
2022-03-15,1647302400000,2022-03-15,0.00726166
2022-03-16,1647388800000,2022-03-16,0.00922308
2022-03-17,1647475200000,2022-03-17,0.01
2022-03-18,1647561600000,2022-03-18,0.0058835
2022-03-19,1647648000000,2022-03-19,0.00991784
2022-03-20,1647734400000,2022-03-20,0.00970597
2022-03-21,1647820800000,2022-03-21,0.00310478
2022-03-22,1647907200000,2022-03-22,0.00901382
2022-03-23,1647993600000,2022-03-23,0.00730712
2022-03-24,1648080000000,2022-03-24,0.00036416
2022-03-25,1648166400000,2022-03-25,0.00597343
2022-03-26,1648252800000,2022-03-26,0.00212456
2022-03-27,1648339200000,2022-03-27,0.00274954
2022-03-28,1648425600000,2022-03-28,0.00981367
2022-03-29,1648512000000,2022-03-29,0.00999279
2022-03-30,1648598400000,2022-03-30,0.01
2022-03-31,1648684800000,2022-03-31,0.01
2022-04-01,1648771200000,2022-04-01,0.00750926
2022-04-02,1648857600000,2022-04-02,0.01
2022-04-03,1648944000000,2022-04-03,0.01
2022-04-04,1649030400000,2022-04-04,0.01
2022-04-05,1649116800000,2022-04-05,0.00894971
2022-04-06,1649203200000,2022-04-06,0.00952984
2022-04-07,1649289600000,2022-04-07,0.0063249
2022-04-08,1649376000000,2022-04-08,0.00928834
2022-04-09,1649462400000,2022-04-09,0.00921638
2022-04-10,1649548800000,2022-04-10,0.00574752
2022-04-11,1649635200000,2022-04-11,0.00772523
2022-04-12,1649721600000,2022-04-12,-0.00625576
2022-04-13,1649808000000,2022-04-13,0.00188898
2022-04-14,1649894400000,2022-04-14,0.00247844
2022-04-15,1649980800000,2022-04-15,-0.00143545
2022-04-16,1650067200000,2022-04-16,0.00370785
2022-04-17,1650153600000,2022-04-17,0.0048177
2022-04-18,1650240000000,2022-04-18,-0.00539706
2022-04-19,1650326400000,2022-04-19,0.00423012
2022-04-20,1650412800000,2022-04-20,0.00602744
2022-04-21,1650499200000,2022-04-21,0.00030832
2022-04-22,1650585600000,2022-04-22,-0.00663837
2022-04-23,1650672000000,2022-04-23,-0.01006677
2022-04-24,1650758400000,2022-04-24,-0.01153862
2022-04-25,1650844800000,2022-04-25,-0.00051395
2022-04-26,1650931200000,2022-04-26,0.00496042
2022-04-27,1651017600000,2022-04-27,-0.00435567
2022-04-28,1651104000000,2022-04-28,0.0014441
2022-04-29,1651190400000,2022-04-29,0.00540285
2022-04-30,1651276800000,2022-04-30,0.00285005
2022-05-01,1651363200000,2022-05-01,0.00385908
2022-05-02,1651449600000,2022-05-02,0.00793358
2022-05-03,1651536000000,2022-05-03,0.01
2022-05-04,1651622400000,2022-05-04,0.00920052
2022-05-05,1651708800000,2022-05-05,0.0038151
2022-05-06,1651795200000,2022-05-06,-0.00209121
2022-05-07,1651881600000,2022-05-07,0.00086688
2022-05-08,1651968000000,2022-05-08,0.00921962
2022-05-09,1652054400000,2022-05-09,0.00967349
2022-05-10,1652140800000,2022-05-10,0.00656966
2022-05-11,1652227200000,2022-05-11,0.00342366
2022-05-12,1652313600000,2022-05-12,-0.02691856
2022-05-13,1652400000000,2022-05-13,0.00337522
2022-05-14,1652486400000,2022-05-14,0.00935422
2022-05-15,1652572800000,2022-05-15,0.00930879
2022-05-16,1652659200000,2022-05-16,0.00625301
2022-05-17,1652745600000,2022-05-17,0.00152825
2022-05-18,1652832000000,2022-05-18,-0.00204013
2022-05-19,1652918400000,2022-05-19,0.00605721
2022-05-20,1653004800000,2022-05-20,0.00821986
2022-05-21,1653091200000,2022-05-21,0.00206482
2022-05-22,1653177600000,2022-05-22,0.00491755
2022-05-23,1653264000000,2022-05-23,0.00748894
2022-05-24,1653350400000,2022-05-24,-1.506e-05
2022-05-25,1653436800000,2022-05-25,0.00886208
2022-05-26,1653523200000,2022-05-26,0.00771063
2022-05-27,1653609600000,2022-05-27,0.01
2022-05-28,1653696000000,2022-05-28,0.00965255
2022-05-29,1653782400000,2022-05-29,0.00999884
2022-05-30,1653868800000,2022-05-30,0.01
2022-05-31,1653955200000,2022-05-31,0.01
2022-06-01,1654041600000,2022-06-01,0.00661513
2022-06-02,1654128000000,2022-06-02,0.0013786
2022-06-03,1654214400000,2022-06-03,0.00270021
2022-06-04,1654300800000,2022-06-04,0.00330357
2022-06-05,1654387200000,2022-06-05,0.0060928
2022-06-06,1654473600000,2022-06-06,0.00857836
2022-06-07,1654560000000,2022-06-07,-0.00120756
2022-06-08,1654646400000,2022-06-08,0.00997997
2022-06-09,1654732800000,2022-06-09,0.00943879
2022-06-10,1654819200000,2022-06-10,0.00661929
2022-06-11,1654905600000,2022-06-11,0.00499792
2022-06-12,1654992000000,2022-06-12,0.00407013
2022-06-13,1655078400000,2022-06-13,0.00172595
2022-06-14,1655164800000,2022-06-14,-0.0060059
2022-06-15,1655251200000,2022-06-15,-0.00116224
2022-06-16,1655337600000,2022-06-16,-0.00163288
2022-06-17,1655424000000,2022-06-17,-0.00042851
2022-06-18,1655510400000,2022-06-18,0.00277699
2022-06-19,1655596800000,2022-06-19,0.00136918
2022-06-20,1655683200000,2022-06-20,0.00512375
2022-06-21,1655769600000,2022-06-21,0.00538834
2022-06-22,1655856000000,2022-06-22,-0.00151213
2022-06-23,1655942400000,2022-06-23,2.702e-05
2022-06-24,1656028800000,2022-06-24,0.00755598
2022-06-25,1656115200000,2022-06-25,0.00902423
2022-06-26,1656201600000,2022-06-26,0.00665153
2022-06-27,1656288000000,2022-06-27,0.00466589
2022-06-28,1656374400000,2022-06-28,-0.00073596
2022-06-29,1656460800000,2022-06-29,0.00572689
2022-06-30,1656547200000,2022-06-30,-0.00729925
2022-07-01,1656633600000,2022-07-01,-0.00297118
2022-07-02,1656720000000,2022-07-02,0.00259196
2022-07-03,1656806400000,2022-07-03,0.00559918
2022-07-04,1656892800000,2022-07-04,0.00389921
2022-07-05,1656979200000,2022-07-05,0.00521334
2022-07-06,1657065600000,2022-07-06,0.0077865
2022-07-07,1657152000000,2022-07-07,0.00768917
2022-07-08,1657238400000,2022-07-08,0.00930157
2022-07-09,1657324800000,2022-07-09,0.00934656
2022-07-10,1657411200000,2022-07-10,0.0088749
2022-07-11,1657497600000,2022-07-11,0.00764969
2022-07-12,1657584000000,2022-07-12,0.00409101
2022-07-13,1657670400000,2022-07-13,0.0012477
2022-07-14,1657756800000,2022-07-14,0.0056139
2022-07-15,1657843200000,2022-07-15,0.00341075
2022-07-16,1657929600000,2022-07-16,0.00707218
2022-07-17,1658016000000,2022-07-17,0.0087346
2022-07-18,1658102400000,2022-07-18,0.00986052
2022-07-19,1658188800000,2022-07-19,0.01
2022-07-20,1658275200000,2022-07-20,0.00977979
2022-07-21,1658361600000,2022-07-21,0.01
2022-07-22,1658448000000,2022-07-22,0.00907434
2022-07-23,1658534400000,2022-07-23,0.00675434
2022-07-24,1658620800000,2022-07-24,0.0092653
2022-07-25,1658707200000,2022-07-25,0.00468636
2022-07-26,1658793600000,2022-07-26,0.00578053
2022-07-27,1658880000000,2022-07-27,0.0034745
2022-07-28,1658966400000,2022-07-28,0.00998123
2022-07-29,1659052800000,2022-07-29,0.01
2022-07-30,1659139200000,2022-07-30,0.01
2022-07-31,1659225600000,2022-07-31,0.00897786
2022-08-01,1659312000000,2022-08-01,0.00928328
2022-08-02,1659398400000,2022-08-02,0.00652504
2022-08-03,1659484800000,2022-08-03,0.00065252
2022-08-04,1659571200000,2022-08-04,-0.00014162
2022-08-05,1659657600000,2022-08-05,0.00420817
2022-08-06,1659744000000,2022-08-06,0.00864787
2022-08-07,1659830400000,2022-08-07,0.00398044
2022-08-08,1659916800000,2022-08-08,0.00894943
2022-08-09,1660003200000,2022-08-09,0.0079956
2022-08-10,1660089600000,2022-08-10,0.00251616
2022-08-11,1660176000000,2022-08-11,0.00923129
2022-08-12,1660262400000,2022-08-12,-0.00121438
2022-08-13,1660348800000,2022-08-13,0.00384582
2022-08-14,1660435200000,2022-08-14,2.295e-05
2022-08-15,1660521600000,2022-08-15,-0.00031238
2022-08-16,1660608000000,2022-08-16,0.00072566
2022-08-17,1660694400000,2022-08-17,0.00322028
2022-08-18,1660780800000,2022-08-18,0.0089314
2022-08-19,1660867200000,2022-08-19,0.00036221
2022-08-20,1660953600000,2022-08-20,-0.00347989
2022-08-21,1661040000000,2022-08-21,-0.00428361
2022-08-22,1661126400000,2022-08-22,-0.00016983
2022-08-23,1661212800000,2022-08-23,0.0009353
2022-08-24,1661299200000,2022-08-24,-0.00163971
2022-08-25,1661385600000,2022-08-25,0.00047714
2022-08-26,1661472000000,2022-08-26,0.00207931
2022-08-27,1661558400000,2022-08-27,-0.00440309
2022-08-28,1661644800000,2022-08-28,-0.00616052
2022-08-29,1661731200000,2022-08-29,-0.00759454
2022-08-30,1661817600000,2022-08-30,-0.00371883
2022-08-31,1661904000000,2022-08-31,0.00422241
2022-09-01,1661990400000,2022-09-01,0.00249535
2022-09-02,1662076800000,2022-09-02,0.00359634
2022-09-03,1662163200000,2022-09-03,0.00431782
2022-09-04,1662249600000,2022-09-04,0.0030313
2022-09-05,1662336000000,2022-09-05,0.00297386
2022-09-06,1662422400000,2022-09-06,-0.00060496
2022-09-07,1662508800000,2022-09-07,-0.00203982
2022-09-08,1662595200000,2022-09-08,0.00349984
2022-09-09,1662681600000,2022-09-09,0.00744927
2022-09-10,1662768000000,2022-09-10,0.00967082
2022-09-11,1662854400000,2022-09-11,0.00863489
2022-09-12,1662940800000,2022-09-12,0.00984902
2022-09-13,1663027200000,2022-09-13,0.00738069
2022-09-14,1663113600000,2022-09-14,0.00155963
2022-09-15,1663200000000,2022-09-15,0.00446683
2022-09-16,1663286400000,2022-09-16,0.00554984
2022-09-17,1663372800000,2022-09-17,0.00287462
2022-09-18,1663459200000,2022-09-18,0.0070147
2022-09-19,1663545600000,2022-09-19,-0.00177714
2022-09-20,1663632000000,2022-09-20,0.00510096
2022-09-21,1663718400000,2022-09-21,0.0014936
2022-09-22,1663804800000,2022-09-22,-0.00073423
2022-09-23,1663891200000,2022-09-23,0.00095952
2022-09-24,1663977600000,2022-09-24,0.00433478
2022-09-25,1664064000000,2022-09-25,0.00243696
2022-09-26,1664150400000,2022-09-26,0.0040058
2022-09-27,1664236800000,2022-09-27,0.0061079
2022-09-28,1664323200000,2022-09-28,0.00335308
2022-09-29,1664409600000,2022-09-29,0.00859038
2022-09-30,1664496000000,2022-09-30,0.00902948
2022-10-01,1664582400000,2022-10-01,0.00631488
2022-10-02,1664668800000,2022-10-02,0.0052265
2022-10-03,1664755200000,2022-10-03,0.00865383
2022-10-04,1664841600000,2022-10-04,0.01
2022-10-05,1664928000000,2022-10-05,0.01
2022-10-06,1665014400000,2022-10-06,0.01
2022-10-07,1665100800000,2022-10-07,0.00896099
2022-10-08,1665187200000,2022-10-08,0.00489978
2022-10-09,1665273600000,2022-10-09,0.00281336
2022-10-10,1665360000000,2022-10-10,0.00678016
2022-10-11,1665446400000,2022-10-11,0.01
2022-10-12,1665532800000,2022-10-12,0.0098563
2022-10-13,1665619200000,2022-10-13,0.00872826
2022-10-14,1665705600000,2022-10-14,0.00790514
2022-10-15,1665792000000,2022-10-15,0.00376093
2022-10-16,1665878400000,2022-10-16,0.00163924
2022-10-17,1665964800000,2022-10-17,0.00583233
2022-10-18,1666051200000,2022-10-18,0.00929172
2022-10-19,1666137600000,2022-10-19,0.00986015
2022-10-20,1666224000000,2022-10-20,0.00498952
2022-10-21,1666310400000,2022-10-21,0.00307945
2022-10-22,1666396800000,2022-10-22,0.00439773
2022-10-23,1666483200000,2022-10-23,0.00446202
2022-10-24,1666569600000,2022-10-24,0.00745291
2022-10-25,1666656000000,2022-10-25,0.00519318
2022-10-26,1666742400000,2022-10-26,0.00298449
2022-10-27,1666828800000,2022-10-27,0.00060892
2022-10-28,1666915200000,2022-10-28,-0.00023271
2022-10-29,1667001600000,2022-10-29,0.0033369
2022-10-30,1667088000000,2022-10-30,0.00334475
2022-10-31,1667174400000,2022-10-31,0.00224383
2022-11-01,1667260800000,2022-11-01,0.00120495
2022-11-02,1667347200000,2022-11-02,0.0038256
2022-11-03,1667433600000,2022-11-03,0.00332168
2022-11-04,1667520000000,2022-11-04,0.00220822
2022-11-05,1667606400000,2022-11-05,0.00718049
2022-11-06,1667692800000,2022-11-06,0.00773195
2022-11-07,1667779200000,2022-11-07,0.009538
2022-11-08,1667865600000,2022-11-08,0.00113548
2022-11-09,1667952000000,2022-11-09,-0.0236151
2022-11-10,1668038400000,2022-11-10,-0.07107003
2022-11-11,1668124800000,2022-11-11,-0.00689031
2022-11-12,1668211200000,2022-11-12,0.0027521
2022-11-13,1668297600000,2022-11-13,-0.00225656
2022-11-14,1668384000000,2022-11-14,-0.00477578
2022-11-15,1668470400000,2022-11-15,-0.00963166
2022-11-16,1668556800000,2022-11-16,-0.00601449
2022-11-17,1668643200000,2022-11-17,-0.00495
2022-11-18,1668729600000,2022-11-18,0.00231071
2022-11-19,1668816000000,2022-11-19,0.00312919
2022-11-20,1668902400000,2022-11-20,0.0003033
2022-11-21,1668988800000,2022-11-21,-0.00016503
2022-11-22,1669075200000,2022-11-22,0.00360702
2022-11-23,1669161600000,2022-11-23,0.00549324
2022-11-24,1669248000000,2022-11-24,0.00347983
2022-11-25,1669334400000,2022-11-25,0.00116522
2022-11-26,1669420800000,2022-11-26,0.00119032
2022-11-27,1669507200000,2022-11-27,0.0010269
2022-11-28,1669593600000,2022-11-28,0.00133329
2022-11-29,1669680000000,2022-11-29,0.00179049
2022-11-30,1669766400000,2022-11-30,0.00526509
2022-12-01,1669852800000,2022-12-01,0.00398603
2022-12-02,1669939200000,2022-12-02,0.00150041
2022-12-03,1670025600000,2022-12-03,0.00636444
2022-12-04,1670112000000,2022-12-04,0.00491094
2022-12-05,1670198400000,2022-12-05,0.00088241
2022-12-06,1670284800000,2022-12-06,0.00260279
2022-12-07,1670371200000,2022-12-07,0.00066429
2022-12-08,1670457600000,2022-12-08,0.00030769
2022-12-09,1670544000000,2022-12-09,0.00200568
2022-12-10,1670630400000,2022-12-10,-0.00035182
2022-12-11,1670716800000,2022-12-11,0.00115773
2022-12-12,1670803200000,2022-12-12,0.00169819
2022-12-13,1670889600000,2022-12-13,0.00551881
2022-12-14,1670976000000,2022-12-14,0.01
2022-12-15,1671062400000,2022-12-15,0.00840324
2022-12-16,1671148800000,2022-12-16,0.00216148
2022-12-17,1671235200000,2022-12-17,0.00719896
2022-12-18,1671321600000,2022-12-18,0.00369356
2022-12-19,1671408000000,2022-12-19,0.00588755
2022-12-20,1671494400000,2022-12-20,0.00287694
2022-12-21,1671580800000,2022-12-21,0.00599034
2022-12-22,1671667200000,2022-12-22,0.00646215
2022-12-23,1671753600000,2022-12-23,0.00956012
2022-12-24,1671840000000,2022-12-24,0.00533845
2022-12-25,1671926400000,2022-12-25,0.00243978
2022-12-26,1672012800000,2022-12-26,0.00139225
2022-12-27,1672099200000,2022-12-27,0.00338498
2022-12-28,1672185600000,2022-12-28,0.0062538
2022-12-29,1672272000000,2022-12-29,0.0092817
2022-12-30,1672358400000,2022-12-30,0.00957523
2022-12-31,1672444800000,2022-12-31,0.01
2023-01-01,1672531200000,2023-01-01,0.00543327
2023-01-02,1672617600000,2023-01-02,0.00073095
2023-01-03,1672704000000,2023-01-03,0.00668096
2023-01-04,1672790400000,2023-01-04,0.00557151
2023-01-05,1672876800000,2023-01-05,0.00481613
2023-01-06,1672963200000,2023-01-06,0.00712377
2023-01-07,1673049600000,2023-01-07,0.00509101
2023-01-08,1673136000000,2023-01-08,0.00644983
2023-01-09,1673222400000,2023-01-09,0.00082283
2023-01-10,1673308800000,2023-01-10,0.00609087
2023-01-11,1673395200000,2023-01-11,0.00121525
2023-01-12,1673481600000,2023-01-12,0.00994733
2023-01-13,1673568000000,2023-01-13,0.0082302
2023-01-14,1673654400000,2023-01-14,0.01937599
2023-01-15,1673740800000,2023-01-15,0.01384848
2023-01-16,1673827200000,2023-01-16,0.01
2023-01-17,1673913600000,2023-01-17,0.01
2023-01-18,1674000000000,2023-01-18,0.01
2023-01-19,1674086400000,2023-01-19,0.01
2023-01-20,1674172800000,2023-01-20,0.01
2023-01-21,1674259200000,2023-01-21,0.01
2023-01-22,1674345600000,2023-01-22,0.01
2023-01-23,1674432000000,2023-01-23,0.01
2023-01-24,1674518400000,2023-01-24,0.01
2023-01-25,1674604800000,2023-01-25,0.01
2023-01-26,1674691200000,2023-01-26,0.01
2023-01-27,1674777600000,2023-01-27,0.00967289
2023-01-28,1674864000000,2023-01-28,0.01
2023-01-29,1674950400000,2023-01-29,0.01
2023-01-30,1675036800000,2023-01-30,0.01
2023-01-31,1675123200000,2023-01-31,0.01
2023-02-01,1675209600000,2023-02-01,0.01
2023-02-02,1675296000000,2023-02-02,0.01
2023-02-03,1675382400000,2023-02-03,0.01
2023-02-04,1675468800000,2023-02-04,0.01
2023-02-05,1675555200000,2023-02-05,0.01
2023-02-06,1675641600000,2023-02-06,0.01
2023-02-07,1675728000000,2023-02-07,0.01
2023-02-08,1675814400000,2023-02-08,0.01
2023-02-09,1675900800000,2023-02-09,0.01
2023-02-10,1675987200000,2023-02-10,0.00993443
2023-02-11,1676073600000,2023-02-11,0.00711495
2023-02-12,1676160000000,2023-02-12,0.00392588
2023-02-13,1676246400000,2023-02-13,0.00746274
2023-02-14,1676332800000,2023-02-14,0.00883519
2023-02-15,1676419200000,2023-02-15,0.00478158
2023-02-16,1676505600000,2023-02-16,0.01202567
2023-02-17,1676592000000,2023-02-17,0.01
2023-02-18,1676678400000,2023-02-18,0.01
2023-02-19,1676764800000,2023-02-19,0.01
2023-02-20,1676851200000,2023-02-20,0.01
2023-02-21,1676937600000,2023-02-21,0.01
2023-02-22,1677024000000,2023-02-22,0.01
2023-02-23,1677110400000,2023-02-23,0.00627928
2023-02-24,1677196800000,2023-02-24,0.00456269
2023-02-25,1677283200000,2023-02-25,0.00139274
2023-02-26,1677369600000,2023-02-26,0.00594325
2023-02-27,1677456000000,2023-02-27,0.00483618
2023-02-28,1677542400000,2023-02-28,0.00337154
2023-03-01,1677628800000,2023-03-01,0.00789146
2023-03-02,1677715200000,2023-03-02,0.00928226
2023-03-03,1677801600000,2023-03-03,-0.00023474
2023-03-04,1677888000000,2023-03-04,0.00229927
2023-03-05,1677974400000,2023-03-05,0.00244888
2023-03-06,1678060800000,2023-03-06,0.00553284
2023-03-07,1678147200000,2023-03-07,0.00318051
2023-03-08,1678233600000,2023-03-08,0.00640748
2023-03-09,1678320000000,2023-03-09,0.00841701
2023-03-10,1678406400000,2023-03-10,-0.00180034
2023-03-11,1678492800000,2023-03-11,-0.0014852
2023-03-12,1678579200000,2023-03-12,0.00451892
2023-03-13,1678665600000,2023-03-13,0.01074525
2023-03-14,1678752000000,2023-03-14,0.01650845
2023-03-15,1678838400000,2023-03-15,0.01676183
2023-03-16,1678924800000,2023-03-16,0.00963723
2023-03-17,1679011200000,2023-03-17,0.00852097
2023-03-18,1679097600000,2023-03-18,0.01
2023-03-19,1679184000000,2023-03-19,0.01
2023-03-20,1679270400000,2023-03-20,0.0091292
2023-03-21,1679356800000,2023-03-21,0.00468296
2023-03-22,1679443200000,2023-03-22,0.00271456
2023-03-23,1679529600000,2023-03-23,0.00486274
2023-03-24,1679616000000,2023-03-24,0.00806084
2023-03-25,1679702400000,2023-03-25,-0.00075864
2023-03-26,1679788800000,2023-03-26,0.00118629
2023-03-27,1679875200000,2023-03-27,0.0024426
2023-03-28,1679961600000,2023-03-28,0.00428561
2023-03-29,1680048000000,2023-03-29,0.00716467
2023-03-30,1680134400000,2023-03-30,0.00335788
2023-03-31,1680220800000,2023-03-31,0.00466249
2023-04-01,1680307200000,2023-04-01,0.00841146
2023-04-02,1680393600000,2023-04-02,0.00457236
2023-04-03,1680480000000,2023-04-03,0.00217513
2023-04-04,1680566400000,2023-04-04,-0.00180358
2023-04-05,1680652800000,2023-04-05,0.00544571
2023-04-06,1680739200000,2023-04-06,0.00127704
2023-04-07,1680825600000,2023-04-07,2.443e-05
2023-04-08,1680912000000,2023-04-08,0.00160371
2023-04-09,1680998400000,2023-04-09,0.00063083
2023-04-10,1681084800000,2023-04-10,0.00953207
2023-04-11,1681171200000,2023-04-11,0.00995518
2023-04-12,1681257600000,2023-04-12,0.0069996
2023-04-13,1681344000000,2023-04-13,0.00643349
2023-04-14,1681430400000,2023-04-14,0.00576928
2023-04-15,1681516800000,2023-04-15,0.00747616
2023-04-16,1681603200000,2023-04-16,0.00990455
2023-04-17,1681689600000,2023-04-17,0.00821944
2023-04-18,1681776000000,2023-04-18,0.00540497
2023-04-19,1681862400000,2023-04-19,0.00265436
2023-04-20,1681948800000,2023-04-20,0.00723323
2023-04-21,1682035200000,2023-04-21,0.00929492
2023-04-22,1682121600000,2023-04-22,0.0060035
2023-04-23,1682208000000,2023-04-23,0.00308881
2023-04-24,1682294400000,2023-04-24,0.00414829
2023-04-25,1682380800000,2023-04-25,0.0073125
2023-04-26,1682467200000,2023-04-26,0.00433289
2023-04-27,1682553600000,2023-04-27,0.00561069
2023-04-28,1682640000000,2023-04-28,0.00662106
2023-04-29,1682726400000,2023-04-29,0.00517228
2023-04-30,1682812800000,2023-04-30,0.00481025
2023-05-01,1682899200000,2023-05-01,0.00112905
2023-05-02,1682985600000,2023-05-02,0.00291342
2023-05-03,1683072000000,2023-05-03,0.00753903
2023-05-04,1683158400000,2023-05-04,0.00753997
2023-05-05,1683244800000,2023-05-05,0.00766788
2023-05-06,1683331200000,2023-05-06,0.00873319
2023-05-07,1683417600000,2023-05-07,0.00519897
2023-05-08,1683504000000,2023-05-08,0.00281319
2023-05-09,1683590400000,2023-05-09,0.00523856
2023-05-10,1683676800000,2023-05-10,0.0027319
2023-05-11,1683763200000,2023-05-11,0.00645333
2023-05-12,1683849600000,2023-05-12,0.00403479
2023-05-13,1683936000000,2023-05-13,0.00366301
2023-05-14,1684022400000,2023-05-14,0.00346024
2023-05-15,1684108800000,2023-05-15,0.00038825
2023-05-16,1684195200000,2023-05-16,0.00569274
2023-05-17,1684281600000,2023-05-17,0.00818979
2023-05-18,1684368000000,2023-05-18,0.00758664
2023-05-19,1684454400000,2023-05-19,0.00404495
2023-05-20,1684540800000,2023-05-20,0.00381104
2023-05-21,1684627200000,2023-05-21,0.00619348
2023-05-22,1684713600000,2023-05-22,0.00461674
2023-05-23,1684800000000,2023-05-23,0.01
2023-05-24,1684886400000,2023-05-24,0.00492898
2023-05-25,1684972800000,2023-05-25,0.00945292
2023-05-26,1685059200000,2023-05-26,0.00791006
2023-05-27,1685145600000,2023-05-27,0.00897357
2023-05-28,1685232000000,2023-05-28,0.00917354
2023-05-29,1685318400000,2023-05-29,0.00982939
2023-05-30,1685404800000,2023-05-30,0.0052893
2023-05-31,1685491200000,2023-05-31,0.00633363
2023-06-01,1685577600000,2023-06-01,0.00777068
2023-06-02,1685664000000,2023-06-02,0.00879046
2023-06-03,1685750400000,2023-06-03,0.00829998
2023-06-04,1685836800000,2023-06-04,0.00923123
2023-06-05,1685923200000,2023-06-05,0.0051137
2023-06-06,1686009600000,2023-06-06,0.00255168
2023-06-07,1686096000000,2023-06-07,0.00809753
2023-06-08,1686182400000,2023-06-08,0.00382677
2023-06-09,1686268800000,2023-06-09,0.0080996
2023-06-10,1686355200000,2023-06-10,0.00471602
2023-06-11,1686441600000,2023-06-11,0.00611794
2023-06-12,1686528000000,2023-06-12,0.00546796
2023-06-13,1686614400000,2023-06-13,0.0068174
2023-06-14,1686700800000,2023-06-14,0.00308648
2023-06-15,1686787200000,2023-06-15,0.00455586
2023-06-16,1686873600000,2023-06-16,0.00215862
2023-06-17,1686960000000,2023-06-17,0.00766667
2023-06-18,1687046400000,2023-06-18,0.00695099
2023-06-19,1687132800000,2023-06-19,0.00667628
2023-06-20,1687219200000,2023-06-20,0.00113003
2023-06-21,1687305600000,2023-06-21,0.00870948
2023-06-22,1687392000000,2023-06-22,0.00980809
2023-06-23,1687478400000,2023-06-23,0.0099234
2023-06-24,1687564800000,2023-06-24,0.01
2023-06-25,1687651200000,2023-06-25,0.01
2023-06-26,1687737600000,2023-06-26,0.01
2023-06-27,1687824000000,2023-06-27,0.00988174
2023-06-28,1687910400000,2023-06-28,0.00702008
2023-06-29,1687996800000,2023-06-29,0.0097726
2023-06-30,1688083200000,2023-06-30,0.01
2023-07-01,1688169600000,2023-07-01,0.01
2023-07-02,1688256000000,2023-07-02,0.01
2023-07-03,1688342400000,2023-07-03,0.01
2023-07-04,1688428800000,2023-07-04,0.01
2023-07-05,1688515200000,2023-07-05,0.00978153
2023-07-06,1688601600000,2023-07-06,0.00656572
2023-07-07,1688688000000,2023-07-07,0.00192281
2023-07-08,1688774400000,2023-07-08,0.00356935
2023-07-09,1688860800000,2023-07-09,0.00498141
2023-07-10,1688947200000,2023-07-10,0.00391695
2023-07-11,1689033600000,2023-07-11,0.00520518
2023-07-12,1689120000000,2023-07-12,0.00562151
2023-07-13,1689206400000,2023-07-13,0.00569754
2023-07-14,1689292800000,2023-07-14,0.00836797
2023-07-15,1689379200000,2023-07-15,0.00095284
2023-07-16,1689465600000,2023-07-16,0.00521247
2023-07-17,1689552000000,2023-07-17,0.00351428
2023-07-18,1689638400000,2023-07-18,0.0071801
2023-07-19,1689724800000,2023-07-19,0.00739388
2023-07-20,1689811200000,2023-07-20,0.00565688
2023-07-21,1689897600000,2023-07-21,0.00311008
2023-07-22,1689984000000,2023-07-22,0.00232762
2023-07-23,1690070400000,2023-07-23,0.00943177
2023-07-24,1690156800000,2023-07-24,0.00748954
2023-07-25,1690243200000,2023-07-25,0.00814559
2023-07-26,1690329600000,2023-07-26,0.00750864
2023-07-27,1690416000000,2023-07-27,0.00357819
2023-07-28,1690502400000,2023-07-28,0.00776519
2023-07-29,1690588800000,2023-07-29,0.0069373
2023-07-30,1690675200000,2023-07-30,0.00534577
2023-07-31,1690761600000,2023-07-31,0.00684707
2023-08-01,1690848000000,2023-08-01,0.00805906
2023-08-02,1690934400000,2023-08-02,0.01
2023-08-03,1691020800000,2023-08-03,0.00912067
2023-08-04,1691107200000,2023-08-04,0.0082865
2023-08-05,1691193600000,2023-08-05,0.00916805
2023-08-06,1691280000000,2023-08-06,0.00977741
2023-08-07,1691366400000,2023-08-07,0.00955396
2023-08-08,1691452800000,2023-08-08,0.00772796
2023-08-09,1691539200000,2023-08-09,0.00857488
2023-08-10,1691625600000,2023-08-10,0.00914078
2023-08-11,1691712000000,2023-08-11,0.00949099
2023-08-12,1691798400000,2023-08-12,0.0097514
2023-08-13,1691884800000,2023-08-13,0.00864144
2023-08-14,1691971200000,2023-08-14,0.00999126
2023-08-15,1692057600000,2023-08-15,0.00930123
2023-08-16,1692144000000,2023-08-16,0.01
2023-08-17,1692230400000,2023-08-17,0.00946265
2023-08-18,1692316800000,2023-08-18,0.00365772
2023-08-19,1692403200000,2023-08-19,-0.00315649
2023-08-20,1692489600000,2023-08-20,-0.00269154
2023-08-21,1692576000000,2023-08-21,-0.00042125
2023-08-22,1692662400000,2023-08-22,0.00087756
2023-08-23,1692748800000,2023-08-23,-0.0004266
2023-08-24,1692835200000,2023-08-24,0.00241046
2023-08-25,1692921600000,2023-08-25,0.00354061
2023-08-26,1693008000000,2023-08-26,0.00309864
2023-08-27,1693094400000,2023-08-27,0.00166685
2023-08-28,1693180800000,2023-08-28,0.00292128
2023-08-29,1693267200000,2023-08-29,0.00090781
2023-08-30,1693353600000,2023-08-30,0.00444745
2023-08-31,1693440000000,2023-08-31,0.00583954
2023-09-01,1693526400000,2023-09-01,0.00572322
2023-09-02,1693612800000,2023-09-02,0.00194584
2023-09-03,1693699200000,2023-09-03,0.00189601
2023-09-04,1693785600000,2023-09-04,0.00122123
2023-09-05,1693872000000,2023-09-05,0.00193551
2023-09-06,1693958400000,2023-09-06,0.00105143
2023-09-07,1694044800000,2023-09-07,0.00339554
2023-09-08,1694131200000,2023-09-08,-0.00292931
2023-09-09,1694217600000,2023-09-09,-0.00041229
2023-09-10,1694304000000,2023-09-10,0.00275729
2023-09-11,1694390400000,2023-09-11,0.00091524
2023-09-12,1694476800000,2023-09-12,0.00259087
2023-09-13,1694563200000,2023-09-13,0.00166916
2023-09-14,1694649600000,2023-09-14,-0.00095635
2023-09-15,1694736000000,2023-09-15,0.00068472
2023-09-16,1694822400000,2023-09-16,-0.00094394
2023-09-17,1694908800000,2023-09-17,0.0007161
2023-09-18,1694995200000,2023-09-18,-0.00164667
2023-09-19,1695081600000,2023-09-19,-0.00132426
2023-09-20,1695168000000,2023-09-20,-0.00214742
2023-09-21,1695254400000,2023-09-21,0.00438298
2023-09-22,1695340800000,2023-09-22,0.00209121
2023-09-23,1695427200000,2023-09-23,0.00163603
2023-09-24,1695513600000,2023-09-24,0.00278642
2023-09-25,1695600000000,2023-09-25,0.00245563
2023-09-26,1695686400000,2023-09-26,0.00274114
2023-09-27,1695772800000,2023-09-27,0.00385507
2023-09-28,1695859200000,2023-09-28,-0.00429254
2023-09-29,1695945600000,2023-09-29,-0.00062977
2023-09-30,1696032000000,2023-09-30,0.00075896
2023-10-01,1696118400000,2023-10-01,-0.00034401
2023-10-02,1696204800000,2023-10-02,0.00190584
2023-10-03,1696291200000,2023-10-03,0.00342354
2023-10-04,1696377600000,2023-10-04,0.00145694
2023-10-05,1696464000000,2023-10-05,-0.00250784
2023-10-06,1696550400000,2023-10-06,-0.00124193
2023-10-07,1696636800000,2023-10-07,0.00203131
2023-10-08,1696723200000,2023-10-08,0.00320444
2023-10-09,1696809600000,2023-10-09,0.00514485
2023-10-10,1696896000000,2023-10-10,0.00417881
2023-10-11,1696982400000,2023-10-11,0.00797278
2023-10-12,1697068800000,2023-10-12,0.0070254
2023-10-13,1697155200000,2023-10-13,0.0026448
2023-10-14,1697241600000,2023-10-14,0.000335
2023-10-15,1697328000000,2023-10-15,0.00281452
2023-10-16,1697414400000,2023-10-16,0.0011972
2023-10-17,1697500800000,2023-10-17,-0.00141522
2023-10-18,1697587200000,2023-10-18,-0.00133801
2023-10-19,1697673600000,2023-10-19,-0.00660201
2023-10-20,1697760000000,2023-10-20,0.00018463
2023-10-21,1697846400000,2023-10-21,0.00433578
2023-10-22,1697932800000,2023-10-22,0.00413449
2023-10-23,1698019200000,2023-10-23,0.00595815
2023-10-24,1698105600000,2023-10-24,0.01
2023-10-25,1698192000000,2023-10-25,0.01
2023-10-26,1698278400000,2023-10-26,0.01
2023-10-27,1698364800000,2023-10-27,0.01
2023-10-28,1698451200000,2023-10-28,0.01
2023-10-29,1698537600000,2023-10-29,0.01
2023-10-30,1698624000000,2023-10-30,0.01
2023-10-31,1698710400000,2023-10-31,0.01
2023-11-01,1698796800000,2023-11-01,0.01
2023-11-02,1698883200000,2023-11-02,0.01
2023-11-03,1698969600000,2023-11-03,0.01
2023-11-04,1699056000000,2023-11-04,0.01
2023-11-05,1699142400000,2023-11-05,0.01
2023-11-06,1699228800000,2023-11-06,0.01
2023-11-07,1699315200000,2023-11-07,0.01
2023-11-08,1699401600000,2023-11-08,0.01
2023-11-09,1699488000000,2023-11-09,0.01451483
2023-11-10,1699574400000,2023-11-10,0.01199655
2023-11-11,1699660800000,2023-11-11,0.01459814
2023-11-12,1699747200000,2023-11-12,0.02768894
2023-11-13,1699833600000,2023-11-13,0.02011053
2023-11-14,1699920000000,2023-11-14,0.01659324
2023-11-15,1700006400000,2023-11-15,0.01
2023-11-16,1700092800000,2023-11-16,0.01414418
2023-11-17,1700179200000,2023-11-17,0.01
2023-11-18,1700265600000,2023-11-18,0.01
2023-11-19,1700352000000,2023-11-19,0.01
2023-11-20,1700438400000,2023-11-20,0.01
2023-11-21,1700524800000,2023-11-21,0.01
2023-11-22,1700611200000,2023-11-22,0.01
2023-11-23,1700697600000,2023-11-23,0.01
2023-11-24,1700784000000,2023-11-24,0.01
2023-11-25,1700870400000,2023-11-25,0.01
2023-11-26,1700956800000,2023-11-26,0.01
2023-11-27,1701043200000,2023-11-27,0.01
2023-11-28,1701129600000,2023-11-28,0.01
2023-11-29,1701216000000,2023-11-29,0.01
2023-11-30,1701302400000,2023-11-30,0.01
2023-12-01,1701388800000,2023-12-01,0.00999997
2023-12-02,1701475200000,2023-12-02,0.00704871
2023-12-03,1701561600000,2023-12-03,0.01
2023-12-04,1701648000000,2023-12-04,0.01
2023-12-05,1701734400000,2023-12-05,0.01
2023-12-06,1701820800000,2023-12-06,0.01
2023-12-07,1701907200000,2023-12-07,0.01015196
2023-12-08,1701993600000,2023-12-08,0.0173345
2023-12-09,1702080000000,2023-12-09,0.02201076
2023-12-10,1702166400000,2023-12-10,0.01952611
2023-12-11,1702252800000,2023-12-11,0.01075196
2023-12-12,1702339200000,2023-12-12,0.0119708
2023-12-13,1702425600000,2023-12-13,0.01185269
2023-12-14,1702512000000,2023-12-14,0.01
2023-12-15,1702598400000,2023-12-15,0.01
2023-12-16,1702684800000,2023-12-16,0.01004944
2023-12-17,1702771200000,2023-12-17,0.01180054
2023-12-18,1702857600000,2023-12-18,0.01163696
2023-12-19,1702944000000,2023-12-19,0.01115968
2023-12-20,1703030400000,2023-12-20,0.01612594
2023-12-21,1703116800000,2023-12-21,0.03130501
2023-12-22,1703203200000,2023-12-22,0.02438854
2023-12-23,1703289600000,2023-12-23,0.01224654
2023-12-24,1703376000000,2023-12-24,0.01732454
2023-12-25,1703462400000,2023-12-25,0.02575734
2023-12-26,1703548800000,2023-12-26,0.03462451
2023-12-27,1703635200000,2023-12-27,0.03166365
2023-12-28,1703721600000,2023-12-28,0.0429105
2023-12-29,1703808000000,2023-12-29,0.04761972
2023-12-30,1703894400000,2023-12-30,0.03746166
2023-12-31,1703980800000,2023-12-31,0.03526833
